order_id,restaurant_id,customer_id,carrier_id,customer_lat,customer_lon,date,time,is_peak_time,is_weekend,carrier_vehicle,shopping_cart,coupon_discount,order_price,shortest_distance_to_customer,travel_time_minutes,restaurant_rating,delivery_charges
ORD319817,REST1136,CUST10155,COUR4336,-37.8176375,144.9955689,2020-01-14,18:51:25,1,0,Motorbike,"[('thandai', 1), ('salads', 2), ('matka kulfi', 3)]",0,81.9,4780.0,10,,5.5326
ORD296120,REST0337,CUST10814,COUR1918,-37.8084651,144.95581330000002,2020-02-21,12:35:36,1,0,Motorbike,"[('alur dom', 3), ('bengali pulao', 2)]",0,40.62,1326.0,3,,4.5012
ORD241646,REST0057,CUST11372,COUR1536,-37.814572999999996,144.9547906,2020-06-05,23:52:05,0,0,Motorbike,"[('chaat', 3), ('chocolate sandwich', 1), ('panipuri', 2), ('cheese sandwich', 1)]",0,92.78,,2,,
ORD330788,REST0057,CUST12831,COUR2421,-37.8002592,144.9354195,2020-10-07,00:39:33,0,0,Motorbike,"[('chaat', 3), ('lassi', 1)]",0,53.48,6125.0,12,,4.0
ORD104170,REST0732,CUST01115,COUR1257,-37.8064408,144.9997194,2020-07-19,16:52:44,0,1,Bike,"[('burgers', 3), ('paneer burger', 1)]",0,55.87,2071.0,10,,5.1189
ORD022725,REST1136,CUST02560,COUR3993,-37.8222167,144.95010919999999,2020-03-22,08:10:32,0,1,Car,"[('mango lassi', 2), ('lunch buffet', 2)]",40,24.72,1989.0,5,,4.1206
ORD258099,REST0732,CUST07723,COUR4666,-37.8007651,144.95855480000003,2020-09-21,18:47:28,1,0,Car,"[('waffles', 1), ('burgers', 1), ('paneer burger', 1), ('sandwiches', 2)]",10,80.235,5164.0,12,,5.5337
ORD279774,REST1136,CUST02469,COUR2151,-37.800832299999996,144.94185369999997,2020-04-18,00:11:52,0,1,Bike,"[('salads', 1), ('mango lassi', 1), ('thandai', 2)]",0,58.31,,7,,
ORD257089,REST0732,CUST07980,COUR3551,-37.8238926,144.9841623,2020-01-07,06:03:57,0,0,Bike,"[('pasta', 1), ('paneer burger', 3)]",10,24.471,4671.0,23,,5.3584
ORD049570,REST1136,CUST12226,COUR4461,-37.8055169,144.95241399999998,2020-02-01,19:30:59,1,1,Motorbike,"[('lunch buffet', 3), ('salads', 2)]",0,57.26,,1,,
ORD153896,REST1634,CUST00699,COUR3830,-37.8072023,144.99642219999998,2020-03-07,03:21:45,0,1,Motorbike,"[('ice tea', 2), ('pasta', 2), ('supreme pizza', 3)]",0,86.16,1920.0,4,,4.6579
ORD117003,REST0732,CUST12303,COUR4746,-37.8117624,144.9565065,2020-12-22,21:49:27,0,0,Motorbike,"[('waffles', 3), ('coffee', 1), ('pasta', 1)]",0,82.96,5762.0,12,,4.2788
ORD281664,REST0057,CUST00104,COUR3114,-37.805487400000004,144.9429733,2020-01-07,07:07:15,0,0,Motorbike,"[('chocolate sandwich', 1), ('panipuri', 2)]",0,47.59,2414.0,5,,3.5862
ORD162904,REST0337,CUST04102,COUR0578,-37.818749,144.98382619999998,2020-02-10,06:39:33,0,0,Motorbike,"[('chicken dak bunglow', 2), ('fish cutlet', 1), ('aloo posto', 3), ('bengali pulao', 2)]",40,50.922,3710.0,7,,3.3585
ORD252311,REST0337,CUST02952,COUR4197,-37.8015905,144.98209319999998,2020-09-02,02:38:14,0,0,Motorbike,"[('bengali pulao', 3), ('chicken curry', 3), ('aloo posto', 1), ('alur dom', 2)]",0,94.53,3999.0,8,,3.3059
ORD005370,REST1634,CUST09047,COUR3110,-37.8167275,144.95234240000002,2020-03-11,23:20:26,0,0,Car,"[('supreme pizza', 3), ('ice tea', 2), ('pasta', 1)]",20,60.472,,9,,
ORD093797,REST1136,CUST02618,COUR2898,-37.8086358,144.9600405,2020-11-20,13:30:59,1,0,Car,"[('matka kulfi', 2), ('lunch buffet', 2)]",0,61.28,,2,,
ORD143433,REST0337,CUST12359,COUR1806,-37.8080273,144.9932736,2020-07-19,10:32:58,0,1,Bike,"[('bengali pulao', 2), ('aloo posto', 1), ('dhokar dalna', 2), ('fish cutlet', 3)]",20,93.336,4618.0,23,,6.3418
ORD347410,REST0057,CUST02692,COUR3804,-37.8000106,144.96848799999998,2020-04-29,08:42:11,0,0,Bike,"[('chilli cheese', 3), ('potato twister', 2), ('chocolate sandwiches', 2)]",0,83.42,1398.0,7,,3.2907
ORD125490,REST0057,CUST04315,COUR2323,-37.8178148,144.9746359,2020-04-23,07:38:54,0,0,Bike,"[('chocolate sandwich', 3), ('chaat', 1), ('lassi', 1)]",20,61.352,1395.0,7,,3.2533
ORD208658,REST0057,CUST02783,COUR4744,-37.800299200000005,144.9676887,2020-02-09,09:49:27,0,1,Car,"[('cheese sandwiches', 2), ('panipuri', 1), ('cheese sandwich', 2), ('potato twister', 3)]",0,84.82,,3,,
ORD085760,REST0057,CUST05961,COUR4016,-37.820479999999996,144.9657125,2020-06-05,12:51:25,1,0,Bike,"[('corn sandwich', 1), ('lassi', 1), ('cheese sandwiches', 3), ('potato twister', 1)]",20,65.8,1482.0,7,,4.8813
ORD294205,REST0337,CUST00974,COUR1276,-37.811156,144.96408069999998,2020-08-02,20:22:25,0,1,Car,"[('fish cutlet', 3), ('dhokar dalna', 3), ('fish curry', 2), ('chicken dak bunglow', 3)]",0,200.69,,4,,
ORD247523,REST1136,CUST06951,COUR0403,-37.8061239,144.9583036,2020-12-27,12:23:44,1,1,Car,"[('beer', 2), ('matka kulfi', 2), ('salads', 3), ('mango lassi', 3)]",0,103.61,789.0,2,,5.6417
ORD223769,REST0732,CUST11842,COUR2116,-37.8085098,144.97865,2020-04-28,04:21:05,0,0,Car,"[('coffee', 2), ('burgers', 2), ('sandwiches', 3)]",0,113.54,3831.0,9,,3.6497
ORD076904,REST0057,CUST10331,COUR2177,-37.819632299999995,145.0024895,2020-01-31,10:25:03,0,0,Motorbike,"[('corn sandwich', 3), ('chilli cheese', 1)]",20,60.168,3881.0,8,,3.4256
ORD046354,REST1136,CUST10251,COUR4268,-37.811741600000005,144.9636136,2020-10-04,17:56:02,0,1,Bike,"[('mango lassi', 1), ('thandai', 2), ('palak pakoda', 1)]",0,68.61,,7,,
ORD130083,REST1136,CUST09829,COUR1175,-37.8173234,144.9674074,2020-02-23,11:16:29,0,1,Bike,"[('beer', 3), ('matka kulfi', 1), ('palak pakoda', 2), ('lunch buffet', 1)]",20,96.448,,11,,
ORD090907,REST1136,CUST06162,COUR3786,-37.8072871,144.957846,2020-01-26,04:52:44,0,1,Car,"[('beer', 3), ('thandai', 3)]",0,127.74,772.0,2,,3.4511
ORD032157,REST1634,CUST11316,COUR1133,-37.8024487,144.96314950000001,2020-01-05,03:45:29,0,1,Motorbike,"[('supreme pizza', 2), ('pasta', 1), ('thin crust pizza', 1)]",20,38.392,2949.0,6,,4.7026
ORD221020,REST1136,CUST13672,COUR2795,-37.8189635,144.9541299,2020-07-16,16:40:52,0,0,Motorbike,"[('beer', 3), ('palak pakoda', 1), ('salads', 3)]",10,82.368,,3,,
ORD289447,REST0337,CUST01779,COUR0328,-37.7999348,144.9610931,2020-12-04,20:26:22,0,0,Motorbike,"[('fish finger', 1), ('chicken curry', 2)]",10,44.991,2746.0,5,,3.5
ORD177176,REST0732,CUST06947,COUR3718,-37.8080828,144.9579656,2020-04-27,05:08:34,0,0,Bike,"[('waffles', 3), ('coffee', 2), ('paneer burger', 2)]",0,98.24,,28,,
ORD129574,REST0057,CUST03588,COUR0421,-37.8148679,144.9350931,2020-04-12,03:09:53,0,1,Motorbike,"[('cheese sandwich', 3), ('potato twister', 2), ('corn sandwich', 3), ('chaat', 3)]",10,135.072,3068.0,6,,3.7655
ORD108486,REST1136,CUST06484,COUR0210,-37.8212466,145.0150229,2020-08-02,22:48:47,0,1,Car,"[('palak pakoda', 3), ('lunch buffet', 2)]",45,43.444,6532.0,16,,5.1415
ORD094520,REST1136,CUST10746,COUR0206,-37.8106201,144.98499280000001,2020-05-18,22:17:08,0,0,Bike,"[('lunch buffet', 3), ('salads', 1)]",10,46.179,3290.0,16,,4.1884
ORD187736,REST0057,CUST12704,COUR2393,-37.803613899999995,144.9496916,2020-10-22,23:56:02,0,0,Bike,"[('chocolate sandwiches', 1), ('lassi', 1), ('chaat', 3)]",0,74.72,,10,,
ORD280301,REST0057,CUST12343,COUR1737,-37.811766399999996,144.96381609999997,2020-09-29,11:04:36,0,0,Bike,"[('potato twister', 2), ('corn sandwich', 3), ('lassi', 2)]",0,121.47,250.0,1,,2.9867
ORD016176,REST1136,CUST01692,COUR1532,-37.824865100000004,145.00733300000002,2020-02-27,18:03:57,1,0,Bike,"[('thandai', 2), ('mango lassi', 2), ('salads', 1), ('lunch buffet', 1)]",10,71.019,6209.0,31,,7.5122
ORD006577,REST0732,CUST08234,COUR2222,-37.8201576,144.9582571,2020-06-27,08:14:30,0,1,Motorbike,"[('pasta', 2), ('salads', 1)]",10,20.025,6105.0,12,,5.2439
ORD270840,REST0732,CUST02467,COUR3968,-37.8006046,145.0008396,2020-01-28,17:36:15,0,0,Motorbike,"[('sandwiches', 1), ('salads', 2), ('paneer burger', 3)]",0,60.52,1052.0,2,,3.3443
ORD331840,REST0732,CUST11519,COUR4960,-37.809920899999995,144.93583999999998,2020-04-07,20:46:09,0,0,Car,"[('waffles', 1), ('coffee', 1)]",0,30.85,,19,,
ORD076263,REST0732,CUST02125,COUR4824,-37.800859,144.9520832,2020-04-12,23:44:10,0,1,Motorbike,"[('waffles', 1), ('paneer burger', 3)]",0,43.42,5776.0,12,,5.3204
ORD138180,REST1634,CUST01812,COUR1418,-37.7997729,144.96362340000002,2020-09-26,07:58:40,0,1,Motorbike,"[('ice tea', 2), ('pasta', 1), ('farm pizza', 1)]",10,53.811,,6,,
ORD134306,REST1634,CUST10459,COUR4299,-37.798854399999996,144.9592217,2020-03-23,09:57:21,0,0,Bike,"[('pasta', 3), ('supreme pizza', 2), ('farm pizza', 3), ('ice tea', 2)]",0,111.73,,18,,
ORD316311,REST0337,CUST09164,COUR3329,-37.82363529999999,144.9821426,2020-09-08,13:30:59,1,0,Car,"[('fish curry', 3), ('fish finger', 2), ('bhetki paturi', 2), ('chicken dak bunglow', 2)]",10,111.582,3673.0,9,,5.2038
ORD047888,REST0057,CUST05014,COUR2545,-37.8094102,144.97271990000002,2020-07-30,23:04:36,0,0,Motorbike,"[('chocolate sandwich', 2), ('cheese sandwiches', 1)]",0,43.8,761.0,2,,2.8718
ORD028926,REST1136,CUST08892,COUR4539,-37.8015386,144.9480116,2020-12-04,11:44:10,0,0,Bike,"[('thandai', 3), ('palak pakoda', 2), ('lunch buffet', 1), ('mango lassi', 3)]",45,73.909,,5,,
ORD050727,REST0732,CUST03859,COUR2988,-37.8131949,144.9875679,2020-01-29,16:56:42,0,0,Motorbike,"[('pasta', 3), ('salads', 1)]",20,23.04,3321.0,7,,3.6103
ORD036545,REST0057,CUST03748,COUR1922,-37.813342299999995,144.9354927,2020-01-27,18:47:28,1,0,Motorbike,"[('corn sandwich', 1), ('lassi', 1), ('chocolate sandwiches', 2)]",0,80.11,3421.0,7,,4.7568
ORD074186,REST1136,CUST05700,COUR1868,-37.8160049,144.93952190000002,2020-06-12,21:37:34,0,0,Car,"[('salads', 1), ('mango lassi', 1), ('lunch buffet', 3)]",0,56.79,1706.0,4,,3.0677
ORD228329,REST1136,CUST10567,COUR3663,-37.8238298,144.94348169999998,2020-01-10,22:32:58,0,0,Motorbike,"[('lunch buffet', 1), ('palak pakoda', 2)]",0,47.62,,5,,
ORD288993,REST1634,CUST05107,COUR3250,-37.8213485,144.95376130000002,2020-09-29,22:21:05,0,0,Bike,"[('ice tea', 3), ('pasta', 3), ('farm pizza', 3)]",20,93.552,,14,,
ORD131520,REST1136,CUST04715,COUR0819,-37.815726,144.9218574,2020-08-23,07:54:43,0,1,Bike,"[('beer', 2), ('mango lassi', 3), ('salads', 2)]",20,53.296,,19,,
ORD314016,REST1136,CUST04317,COUR0357,-37.8179995,144.971118,2020-05-08,08:10:32,0,0,Motorbike,"[('palak pakoda', 2), ('salads', 3), ('mango lassi', 2)]",0,61.31,2635.0,5,,3.056
ORD343843,REST1136,CUST02502,COUR4177,-37.8135187,144.9501824,2020-03-10,13:50:46,1,0,Bike,"[('palak pakoda', 1), ('thandai', 2)]",20,50.504,810.0,4,,4.3733
ORD060315,REST1136,CUST07534,COUR4509,-37.8161419,144.94547619999997,2020-08-18,23:28:21,0,0,Motorbike,"[('mango lassi', 3), ('salads', 2), ('beer', 2)]",0,66.62,1390.0,3,,2.6985
ORD153342,REST1634,CUST11354,COUR0942,-37.8080621,144.96896730000003,2020-03-28,10:40:52,0,1,Car,"[('thin crust pizza', 3), ('ice tea', 3), ('potato wedges', 3)]",0,167.25,1946.0,5,,4.3085
ORD227596,REST1634,CUST03793,COUR2356,-37.823281200000004,144.938265,2020-11-16,11:12:31,0,0,Bike,"[('supreme pizza', 3), ('potato wedges', 2), ('ice tea', 1)]",0,70.45,4476.0,22,,5.1563
ORD147532,REST0732,CUST10218,COUR0045,-37.8048419,144.9934812,2020-08-18,02:14:30,0,0,Car,"[('paneer burger', 3), ('waffles', 1), ('pasta', 3)]",20,50.456,2117.0,5,,3.6746
ORD148218,REST0337,CUST05264,COUR3939,-37.8173826,144.9672611,2020-06-19,10:09:13,0,0,Car,"[('chicken curry', 3), ('aloo posto', 2), ('chicken dak bunglow', 3), ('dhokar dalna', 1)]",0,139.11,2137.0,5,,3.3837
ORD269834,REST1634,CUST04304,COUR4858,-37.824134,144.9900841,2020-10-18,21:37:34,0,1,Motorbike,"[('potato wedges', 3), ('ice tea', 2), ('supreme pizza', 1), ('thin crust pizza', 1)]",0,110.6,,3,,
ORD288351,REST0057,CUST10818,COUR0481,-37.808167100000006,144.95586619999997,2020-09-23,22:48:47,0,0,Car,"[('cheese sandwiches', 3), ('chilli cheese', 3)]",0,50.88,1167.0,3,,2.8865
ORD134835,REST0057,CUST08119,COUR2454,-37.8188972,145.0023333,2020-03-11,14:58:01,0,0,Bike,"[('potato twister', 1), ('cheese sandwich', 1)]",20,14.248,3776.0,19,,4.3474
ORD209838,REST0057,CUST12508,COUR3164,-37.8194357,144.9521361,2020-04-24,21:33:37,0,0,Motorbike,"[('chocolate sandwich', 3), ('corn sandwich', 2), ('panipuri', 2), ('lassi', 3)]",20,136.136,1939.0,4,,3.2316
ORD193221,REST0732,CUST02769,COUR3319,-37.819447700000005,144.9918714,2020-01-25,02:50:06,0,1,Car,"[('salads', 2), ('coffee', 1)]",0,26.37,,9,,
ORD244391,REST0732,CUST00666,COUR3682,-37.8006458,145.0012261,2020-08-01,03:33:37,0,1,Motorbike,"[('paneer burger', 3), ('burgers', 3), ('coffee', 3)]",45,51.612,1017.0,2,,4.0264
ORD010243,REST0337,CUST02113,COUR3386,-37.8026398,144.956068,2020-01-17,16:09:13,0,0,Motorbike,"[('dhokar dalna', 2), ('chicken dak bunglow', 2)]",40,49.284,2004.0,4,,3.1339
ORD206415,REST1634,CUST06241,COUR2261,-37.8148243,144.9376494,2020-08-27,06:00:00,0,0,Motorbike,"[('supreme pizza', 1), ('pasta', 3), ('potato wedges', 3), ('ice tea', 2)]",0,120.49,,10,,
ORD193136,REST0337,CUST00280,COUR4620,-37.7901033,144.9372857,2020-10-02,20:10:32,0,0,Car,"[('chicken curry', 3), ('dhokar dalna', 2), ('fish cutlet', 2), ('bhetki paturi', 2)]",0,142.64,3315.0,8,,3.5064
ORD291433,REST1136,CUST04044,COUR0009,-37.8194259,144.98193659999998,2020-05-01,07:19:07,0,0,Motorbike,"[('salads', 3), ('mango lassi', 3), ('matka kulfi', 1), ('lunch buffet', 1)]",45,35.712,3652.0,7,,3.1676
ORD128283,REST0057,CUST07396,COUR3739,-37.823372799999994,144.9673207,2020-05-31,03:45:29,0,1,Car,"[('chilli cheese', 3), ('cheese sandwich', 1), ('chaat', 1)]",0,37.05,1638.0,4,,4.1585
ORD147378,REST1634,CUST06395,COUR2548,-37.817314200000006,144.9462462,2020-11-25,03:21:45,0,0,Motorbike,"[('thin crust pizza', 1), ('supreme pizza', 2), ('farm pizza', 1), ('potato wedges', 3)]",0,84.38,3820.0,8,,3.904
ORD076513,REST0057,CUST07667,COUR2400,-37.8139761,144.93646809999998,2020-10-02,11:56:02,0,0,Motorbike,"[('cheese sandwich', 1), ('chaat', 1)]",45,10.577,3273.0,7,,3.0397
ORD275110,REST0337,CUST02081,COUR4324,-37.800239000000005,145.01521609999998,2020-10-27,00:15:49,0,0,Motorbike,"[('chicken dak bunglow', 1), ('alur dom', 2)]",0,35.61,7393.0,15,,4.3623
ORD084151,REST0337,CUST07197,COUR3173,-37.825246299999996,144.9507341,2020-08-08,19:42:51,1,1,Motorbike,"[('chicken curry', 2), ('fish cutlet', 2), ('bengali pulao', 1)]",0,72.22,1434.0,3,,5.3646
ORD117031,REST0732,CUST00115,COUR0601,-37.806397499999996,144.9497754,2020-05-26,14:22:25,0,0,Bike,"[('salads', 3), ('sandwiches', 2), ('pasta', 3)]",10,81.234,6355.0,32,,6.2063
ORD094405,REST1136,CUST09804,COUR1869,-37.8095268,144.9638244,2020-09-28,07:42:51,0,0,Bike,"[('palak pakoda', 2), ('thandai', 3), ('matka kulfi', 1), ('mango lassi', 3)]",0,134.78,1336.0,7,,3.2984
ORD087389,REST0732,CUST01554,COUR0957,-37.8129849,144.9918837,2020-10-30,16:56:42,0,0,Car,"[('pasta', 2), ('coffee', 1)]",45,11.644,,7,,
ORD197247,REST0732,CUST05261,COUR2075,-37.81745720000001,144.967618,2020-11-01,12:31:38,1,1,Motorbike,"[('sandwiches', 3), ('pasta', 1)]",10,64.161,5221.0,10,,6.6324
ORD240709,REST0732,CUST06398,COUR4058,-37.809611700000005,144.97235519999998,2020-07-08,20:50:06,0,0,Car,"[('pasta', 2), ('burgers', 1), ('sandwiches', 1)]",40,30.606,4441.0,11,,3.9182
ORD212716,REST0732,CUST12714,COUR1974,-37.8124393,144.9734909,2020-06-16,05:48:07,0,0,Bike,"[('burgers', 2), ('pasta', 1)]",0,39.21,4611.0,23,,5.1356
ORD002926,REST0337,CUST05270,COUR4884,-37.819973,144.96184580000002,2020-04-12,06:31:38,0,1,Car,"[('fish curry', 3), ('alur dom', 1), ('bhetki paturi', 2), ('chicken dak bunglow', 1)]",0,82.01,1773.0,4,,4.4071
ORD238568,REST0337,CUST02862,COUR3686,-37.821645399999994,144.99449130000002,2020-05-31,12:35:36,1,1,Motorbike,"[('fish cutlet', 2), ('fish curry', 2), ('dhokar dalna', 2), ('chicken dak bunglow', 3)]",45,88.303,,9,,
ORD295893,REST1634,CUST05973,COUR3634,-37.8212542,144.96635990000001,2020-02-22,20:06:35,0,1,Car,"[('farm pizza', 2), ('pasta', 1)]",40,15.462,2114.0,5,,4.1443
ORD038929,REST1634,CUST02753,COUR4735,-37.8095744,145.00032040000002,2020-07-28,07:11:12,0,0,Bike,"[('thin crust pizza', 1), ('farm pizza', 2)]",10,33.318,2094.0,10,,4.3173
ORD186805,REST1136,CUST12734,COUR2206,-37.8152344,144.9275802,2020-03-04,17:24:23,0,0,Motorbike,"[('lunch buffet', 1), ('matka kulfi', 3), ('palak pakoda', 3)]",40,66.258,,7,,
ORD317015,REST0732,CUST10760,COUR0256,-37.8114235,144.9760123,2020-05-21,17:40:13,0,0,Motorbike,"[('sandwiches', 3), ('waffles', 1), ('burgers', 3)]",10,122.859,4363.0,9,,4.518
ORD101935,REST0057,CUST11841,COUR4271,-37.808494,144.9785017,2020-03-26,07:03:17,0,0,Car,"[('chaat', 2), ('lassi', 2), ('chocolate sandwiches', 1)]",45,41.954,,3,,
ORD039018,REST1136,CUST00609,COUR1525,-37.8210602,144.95517080000002,2020-10-21,20:06:35,0,0,Motorbike,"[('palak pakoda', 1), ('beer', 3), ('thandai', 2), ('salads', 2)]",0,132.45,1631.0,3,,2.9125
ORD052624,REST1136,CUST01949,COUR4399,-37.816912,144.9795302,2020-09-21,11:28:21,0,0,Car,"[('matka kulfi', 1), ('salads', 1), ('mango lassi', 1)]",0,26.95,3347.0,8,,2.776
ORD079335,REST0337,CUST06763,COUR4086,-37.803875700000006,144.9728385,2020-06-19,21:57:21,0,0,Bike,"[('bhetki paturi', 1), ('alur dom', 3), ('dhokar dalna', 3), ('chicken dak bunglow', 2)]",40,83.94,3077.0,15,,4.2456
ORD338265,REST1136,CUST03018,COUR1574,-37.8019249,144.9656877,2020-02-07,15:13:50,0,0,Bike,"[('lunch buffet', 1), ('beer', 3), ('matka kulfi', 2), ('thandai', 2)]",10,135.414,,10,,
ORD120411,REST0337,CUST12153,COUR4107,-37.803608399999995,144.9627146,2020-05-05,21:17:48,0,0,Car,"[('bengali pulao', 2), ('dhokar dalna', 1), ('fish curry', 2), ('alur dom', 1)]",0,74.6,2379.0,6,,3.3389
ORD313757,REST0057,CUST00039,COUR2165,-37.812534899999996,144.94343909999998,2020-08-21,18:15:49,1,0,Motorbike,"[('chilli cheese', 1), ('lassi', 2), ('chaat', 2), ('cheese sandwiches', 3)]",0,94.04,2221.0,4,,4.6041
ORD063873,REST0337,CUST07280,COUR0990,-37.8212245,144.9475376,2020-01-01,02:10:32,0,0,Car,"[('chicken curry', 3), ('dhokar dalna', 1)]",0,73.38,,2,,
ORD103423,REST0057,CUST13628,COUR0141,-37.8014312,144.9797686,2020-03-08,22:48:47,0,1,Motorbike,"[('chaat', 2), ('chocolate sandwiches', 1), ('panipuri', 3)]",0,94.0,1997.0,4,,4.653
ORD018899,REST0732,CUST03403,COUR0183,-37.8222658,144.97150369999997,2020-03-16,03:37:34,0,0,Car,"[('waffles', 3), ('burgers', 2)]",45,55.55,,14,,
ORD317638,REST1136,CUST05975,COUR3482,-37.821223700000004,144.96646769999998,2020-11-12,01:27:01,0,0,Car,"[('beer', 2), ('thandai', 3), ('matka kulfi', 2), ('lunch buffet', 3)]",10,166.5,2383.0,6,,3.058
ORD098417,REST0057,CUST06369,COUR0576,-37.814873799999994,144.9449284,2020-11-18,06:51:25,0,0,Bike,"[('chocolate sandwich', 1), ('corn sandwich', 1), ('chaat', 3)]",0,78.42,1992.0,10,,3.8899
ORD281884,REST0337,CUST09846,COUR2239,-37.8078707,144.9730414,2020-05-02,02:50:06,0,1,Bike,"[('alur dom', 2), ('fish curry', 3), ('aloo posto', 2), ('chicken curry', 1)]",0,91.64,2580.0,13,,4.8896
ORD166460,REST0337,CUST11926,COUR2882,-37.806248700000005,144.98181100000002,2020-05-02,10:44:50,0,1,Car,"[('chicken curry', 2), ('bhetki paturi', 1), ('alur dom', 1), ('dhokar dalna', 2)]",0,96.26,,8,,
ORD201943,REST0732,CUST10339,COUR1265,-37.805043100000006,144.9712845,2020-04-24,19:42:51,1,0,Motorbike,"[('salads', 1), ('pasta', 1), ('coffee', 2)]",40,19.104,4301.0,9,,5.3465
ORD275643,REST0732,CUST10418,COUR3074,-37.8104242,144.972604,2020-02-07,13:42:51,1,0,Car,"[('salads', 1), ('pasta', 2), ('burgers', 2)]",0,54.91,,12,,
ORD082512,REST0337,CUST12790,COUR4140,-37.8060724,144.9389057,2020-07-19,17:08:34,0,1,Bike,"[('alur dom', 3), ('dhokar dalna', 2), ('chicken dak bunglow', 3), ('fish finger', 1)]",20,115.104,1440.0,7,,4.2473
ORD341087,REST0057,CUST13383,COUR1162,-37.8166,145.0056126,2020-10-12,17:32:18,0,0,Bike,"[('potato twister', 3), ('panipuri', 3)]",0,81.48,,20,,
ORD139141,REST0337,CUST07903,COUR0847,-37.8174935,144.9888148,2020-11-16,15:13:50,0,0,Bike,"[('alur dom', 1), ('chicken curry', 3), ('bhetki paturi', 1), ('fish cutlet', 2)]",0,97.78,4084.0,20,,5.0725
ORD176151,REST0057,CUST03063,COUR2947,-37.800027899999996,144.97044330000003,2020-10-24,01:23:04,0,1,Motorbike,"[('chocolate sandwich', 3), ('lassi', 3), ('panipuri', 3)]",0,139.59,1467.0,3,,4.2582
ORD306135,REST1634,CUST01273,COUR0397,-37.804917100000004,144.97559280000002,2020-07-03,12:43:30,1,0,Motorbike,"[('potato wedges', 2), ('ice tea', 2), ('farm pizza', 2), ('thin crust pizza', 3)]",0,148.52,1853.0,4,,4.9014
ORD309800,REST0732,CUST13261,COUR3952,-37.8191281,144.9651789,2020-11-22,10:40:52,0,1,Bike,"[('salads', 2), ('coffee', 1), ('pasta', 2), ('paneer burger', 3)]",0,60.11,5974.0,30,,7.2082
ORD319865,REST0057,CUST11010,COUR0581,-37.8034359,144.9627121,2020-06-15,18:43:30,1,0,Bike,"[('chaat', 1), ('potato twister', 3), ('chilli cheese', 2), ('chocolate sandwich', 2)]",45,50.776,,5,,
ORD253318,REST0057,CUST05603,COUR4905,-37.8145831,144.9382378,2020-11-08,21:13:50,0,1,Bike,"[('chilli cheese', 2), ('chaat', 3)]",10,45.738,,14,,
ORD031344,REST0337,CUST12940,COUR2192,-37.810317700000006,144.9726522,2020-10-24,15:53:24,0,1,Car,"[('fish cutlet', 3), ('chicken curry', 2)]",40,49.2,,7,,
ORD139870,REST0732,CUST10768,COUR0025,-37.8123953,144.97238190000002,2020-07-16,09:41:32,0,0,Bike,"[('pasta', 2), ('coffee', 1), ('sandwiches', 1)]",20,34.2,,24,,
ORD094765,REST0057,CUST08313,COUR0486,-37.8130208,144.95134280000002,2020-03-03,01:58:40,0,0,Motorbike,"[('chaat', 2), ('lassi', 3), ('panipuri', 3)]",0,116.38,1391.0,3,,3.2235
ORD094483,REST0057,CUST03535,COUR1169,-37.822598600000006,145.002643,2020-04-16,12:55:23,1,0,Bike,"[('chaat', 1), ('panipuri', 1), ('corn sandwich', 2), ('lassi', 1)]",0,89.3,4072.0,20,,6.1794
ORD136851,REST1634,CUST04839,COUR0552,-37.808791299999996,144.9422183,2020-09-30,00:15:49,0,0,Motorbike,"[('farm pizza', 2), ('supreme pizza', 3), ('potato wedges', 3), ('thin crust pizza', 2)]",20,97.28,4510.0,9,,4.1675
ORD204403,REST1634,CUST04828,COUR4112,-37.8058839,144.9372744,2020-05-18,15:41:32,0,0,Motorbike,"[('thin crust pizza', 2), ('pasta', 3), ('potato wedges', 3), ('ice tea', 2)]",0,156.33,5051.0,10,,4.2671
ORD321839,REST0337,CUST00653,COUR3433,-37.8105378,144.9451673,2020-05-17,21:09:53,0,1,Motorbike,"[('alur dom', 3), ('fish finger', 3), ('fish cutlet', 3), ('chicken dak bunglow', 1)]",10,130.14,665.0,1,,3.9648
ORD129672,REST1136,CUST12815,COUR4993,-37.819139899999996,144.9647072,2020-05-04,05:16:29,0,0,Car,"[('palak pakoda', 2), ('mango lassi', 3)]",45,26.917,2045.0,5,,3.0793
ORD265532,REST1136,CUST03686,COUR4848,-37.8030328,144.9657936,2020-12-12,12:39:33,1,1,Motorbike,"[('thandai', 3), ('lunch buffet', 3), ('palak pakoda', 1), ('salads', 2)]",20,115.064,1804.0,4,,5.1909
ORD242046,REST0337,CUST04056,COUR3206,-37.8205224,144.98286869999998,2020-11-10,00:39:33,0,0,Bike,"[('fish finger', 3), ('aloo posto', 1), ('fish cutlet', 2)]",45,49.764,3725.0,19,,4.3355
ORD114730,REST0337,CUST02576,COUR3539,-37.802522499999995,144.96069350000002,2020-05-03,10:17:08,0,1,Bike,"[('dhokar dalna', 1), ('bhetki paturi', 2)]",40,21.972,2297.0,11,,4.9267
ORD056024,REST0732,CUST04252,COUR0005,-37.8246414,144.9885739,2020-01-04,12:55:23,1,1,Motorbike,"[('burgers', 3), ('pasta', 3), ('waffles', 3)]",0,136.98,4386.0,9,,5.828
ORD307224,REST0057,CUST13200,COUR1254,-37.8200973,144.97681809999997,2020-01-09,13:46:48,1,0,Car,"[('chilli cheese', 3), ('panipuri', 3), ('chaat', 1)]",45,42.68,1796.0,4,,4.754
ORD231600,REST0732,CUST00430,COUR0128,-37.8186998,144.98584630000002,2020-11-08,01:15:09,0,1,Motorbike,"[('salads', 1), ('pasta', 1)]",45,8.635,,8,,
ORD313845,REST0057,CUST04182,COUR3975,-37.8262921,144.98601619999997,2020-11-25,15:49:27,0,0,Car,"[('panipuri', 3), ('chocolate sandwich', 3), ('chilli cheese', 2)]",0,107.85,2881.0,7,,3.5571
ORD325443,REST1136,CUST01003,COUR4343,-37.8063179,144.9404614,2020-12-26,19:15:09,1,1,Car,"[('palak pakoda', 2), ('matka kulfi', 3), ('beer', 1), ('salads', 3)]",20,92.84,2348.0,6,,5.7702
ORD258716,REST1634,CUST08512,COUR0759,-37.8159859,144.9371794,2020-03-23,10:32:58,0,0,Bike,"[('thin crust pizza', 2), ('farm pizza', 1), ('supreme pizza', 3)]",10,67.176,4873.0,24,,5.2604
ORD142817,REST1136,CUST00558,COUR3759,-37.8253057,144.95714669999998,2020-09-15,13:30:59,1,0,Car,"[('mango lassi', 2), ('lunch buffet', 1), ('salads', 3)]",0,43.93,2119.0,5,,4.4975
ORD243395,REST0732,CUST08379,COUR3461,-37.7993692,144.9642043,2020-09-17,14:22:25,0,0,Motorbike,"[('burgers', 1), ('salads', 3)]",40,26.268,4725.0,9,,3.6383
ORD092595,REST0337,CUST07518,COUR2358,-37.8149626,144.9449653,2020-07-14,12:00:00,1,0,Motorbike,"[('chicken dak bunglow', 2), ('fish finger', 2), ('bengali pulao', 2), ('chicken curry', 3)]",45,72.072,307.0,1,,4.3946
ORD050122,REST0732,CUST08848,COUR2362,-37.8179402,144.9660917,2020-09-19,17:56:02,0,1,Car,"[('pasta', 3), ('burgers', 1)]",45,19.789,,13,,
ORD015802,REST1634,CUST11943,COUR3850,-37.812773,145.0123198,2020-06-15,19:27:01,1,0,Car,"[('farm pizza', 3), ('pasta', 1), ('thin crust pizza', 3)]",0,98.83,,8,,
ORD314388,REST0337,CUST05001,COUR3958,-37.8123696,144.9736957,2020-07-27,04:09:13,0,0,Car,"[('fish cutlet', 2), ('chicken dak bunglow', 1), ('alur dom', 3)]",0,77.43,2657.0,6,,3.5727
ORD292694,REST0337,CUST13701,COUR0448,-37.817736700000005,144.9591666,2020-08-15,21:17:48,0,1,Car,"[('dhokar dalna', 1), ('chicken curry', 3), ('aloo posto', 1), ('alur dom', 2)]",40,59.238,,3,,
ORD349937,REST0337,CUST12462,COUR1815,-37.8189345,144.95309699999999,2020-11-29,00:19:46,0,1,Car,"[('fish cutlet', 3), ('chicken dak bunglow', 1)]",0,66.21,,2,,
ORD131528,REST1634,CUST12370,COUR0212,-37.8059265,144.9440056,2020-02-27,15:49:27,0,0,Bike,"[('farm pizza', 2), ('potato wedges', 1)]",0,28.32,4354.0,22,,5.6414
ORD146996,REST0732,CUST07515,COUR2444,-37.817823,144.94625109999998,2020-06-19,12:31:38,1,0,Bike,"[('pasta', 2), ('coffee', 2), ('waffles', 1)]",0,52.02,,36,,
ORD270238,REST1136,CUST04226,COUR1978,-37.817415999999994,144.9877522,2020-09-13,13:46:48,1,1,Car,"[('salads', 3), ('palak pakoda', 2), ('matka kulfi', 3)]",0,96.91,,10,,
ORD100343,REST0732,CUST13305,COUR0216,-37.8002438,144.95971930000002,2020-02-23,22:52:44,0,1,Motorbike,"[('pasta', 1), ('paneer burger', 2), ('waffles', 3), ('burgers', 3)]",0,137.64,5028.0,10,,4.9723
ORD083920,REST0732,CUST11903,COUR1165,-37.8053576,144.97360319999999,2020-05-01,08:06:35,0,0,Car,"[('salads', 1), ('paneer burger', 3), ('sandwiches', 1), ('waffles', 3)]",0,119.71,4072.0,10,,4.0336
ORD266140,REST0057,CUST06395,COUR2248,-37.817314200000006,144.9462462,2020-12-26,20:42:11,0,1,Motorbike,"[('lassi', 2), ('chaat', 3)]",45,37.411,2182.0,4,,4.501
ORD016143,REST1136,CUST07296,COUR1663,-37.8201663,144.9506055,2020-01-06,23:40:13,0,0,Motorbike,"[('mango lassi', 2), ('lunch buffet', 3)]",0,56.32,1731.0,3,,2.681
ORD141699,REST0337,CUST02680,COUR0832,-37.816377,145.0088781,2020-02-29,00:11:52,0,1,Motorbike,"[('aloo posto', 3), ('fish finger', 2), ('bengali pulao', 2), ('dhokar dalna', 2)]",0,115.59,6083.0,12,,4.8018
ORD262972,REST1634,CUST10451,COUR4123,-37.7995101,144.9625714,2020-07-19,07:03:17,0,1,Motorbike,"[('ice tea', 3), ('farm pizza', 3), ('supreme pizza', 2)]",40,60.498,,7,,
ORD013990,REST0732,CUST07394,COUR4336,-37.823695,144.96721589999999,2020-01-14,07:15:09,0,0,Motorbike,"[('coffee', 1), ('salads', 2), ('paneer burger', 2)]",0,40.13,,12,,
ORD280669,REST1634,CUST13930,COUR1869,-37.807545899999994,144.9627241,2020-11-10,11:28:21,0,0,Bike,"[('pasta', 2), ('potato wedges', 2)]",45,26.059,,13,,
ORD127808,REST0057,CUST05381,COUR1507,-37.814494700000004,144.954754,2020-01-28,09:13:50,0,0,Bike,"[('panipuri', 3), ('corn sandwich', 2)]",10,83.682,1123.0,6,,3.2404
ORD252439,REST0057,CUST02452,COUR1085,-37.8221065,144.9543077,2020-05-13,05:36:15,0,0,Motorbike,"[('corn sandwich', 2), ('lassi', 1), ('chaat', 3)]",45,54.813,2263.0,5,,3.1009
ORD342611,REST0057,CUST03026,COUR3381,-37.8244094,144.9693686,2020-07-03,08:38:14,0,0,Motorbike,"[('chocolate sandwich', 3), ('corn sandwich', 2), ('panipuri', 3)]",45,78.182,1733.0,3,,3.1885
ORD321358,REST1634,CUST03430,COUR0069,-37.817948799999996,144.9905544,2020-11-29,00:43:30,0,1,Car,"[('thin crust pizza', 1), ('pasta', 1)]",0,32.39,595.0,1,,4.0712
ORD118774,REST0337,CUST06429,COUR3709,-37.824526299999995,144.95849230000002,2020-11-22,23:28:21,0,1,Car,"[('chicken curry', 1), ('fish curry', 3), ('aloo posto', 1), ('alur dom', 3)]",40,56.298,2070.0,5,,4.6077
ORD258587,REST1634,CUST01709,COUR4838,-37.82460379999999,145.00054219999998,2020-08-05,23:44:10,0,0,Bike,"[('potato wedges', 2), ('ice tea', 1), ('supreme pizza', 1)]",20,43.88,2004.0,10,,4.2959
ORD081136,REST0057,CUST08435,COUR4948,-37.80452460000001,144.9632753,2020-05-17,02:34:17,0,1,Bike,"[('cheese sandwich', 2), ('chilli cheese', 3), ('lassi', 1), ('corn sandwich', 1)]",0,67.95,,4,,
ORD271856,REST0057,CUST08007,COUR4148,-37.8194251,145.00825490000003,2020-08-25,13:38:54,1,0,Car,"[('panipuri', 3), ('cheese sandwich', 3), ('lassi', 2)]",0,94.63,4303.0,10,,5.0065
ORD031175,REST0057,CUST00629,COUR1828,-37.8000915,144.94198380000003,2020-10-19,22:48:47,0,0,Car,"[('chilli cheese', 2), ('corn sandwich', 2), ('lassi', 2), ('chocolate sandwiches', 3)]",45,82.973,2722.0,7,,3.6468
ORD158410,REST0057,CUST06142,COUR1712,-37.8070593,144.9559853,2020-08-25,09:17:48,0,0,Bike,"[('cheese sandwich', 3), ('chilli cheese', 1), ('chocolate sandwiches', 3), ('cheese sandwiches', 1)]",20,79.544,,6,,
ORD192982,REST1634,CUST11249,COUR2400,-37.818692299999995,144.94789450000002,2020-10-02,05:56:02,0,0,Motorbike,"[('farm pizza', 1), ('ice tea', 1)]",0,28.41,,7,,
ORD049913,REST1634,CUST05277,COUR1427,-37.8191531,144.96550980000004,2020-05-22,22:05:16,0,0,Motorbike,"[('supreme pizza', 3), ('pasta', 3), ('potato wedges', 1)]",0,68.23,,4,,
ORD318310,REST0337,CUST10059,COUR3088,-37.8234541,144.9937219,2020-06-25,19:38:54,1,0,Car,"[('fish finger', 3), ('bengali pulao', 3)]",20,56.376,4620.0,11,,5.2206
ORD116546,REST0057,CUST12575,COUR2447,-37.81874620000001,144.9532504,2020-12-31,23:00:39,0,0,Car,"[('corn sandwich', 3), ('chilli cheese', 1), ('chaat', 3)]",0,114.15,1809.0,4,,3.4301
ORD297525,REST0057,CUST09587,COUR2008,-37.81632379999999,145.01423469999997,2020-07-21,07:34:56,0,0,Bike,"[('corn sandwich', 3), ('lassi', 1), ('cheese sandwich', 3)]",10,92.304,5344.0,27,,5.8258
ORD107880,REST0337,CUST00274,COUR4700,-37.819404799999994,144.9716681,2020-07-31,01:03:17,0,0,Car,"[('alur dom', 3), ('bhetki paturi', 2), ('dhokar dalna', 3), ('aloo posto', 1)]",0,118.79,2802.0,7,,3.384
ORD186294,REST0057,CUST00443,COUR4632,-37.8009189,145.0073256,2020-08-27,21:33:37,0,0,Car,"[('chilli cheese', 2), ('potato twister', 2), ('chocolate sandwich', 1)]",10,46.251,6050.0,15,,4.1228
ORD018330,REST1136,CUST08876,COUR2923,-37.8019776,144.9915824,2020-02-01,20:58:01,0,1,Bike,"[('mango lassi', 3), ('beer', 2), ('matka kulfi', 1)]",40,42.144,4547.0,23,,6.1125
ORD243746,REST0337,CUST09048,COUR0672,-37.80598870000001,144.9736895,2020-02-24,11:28:21,0,0,Motorbike,"[('chicken curry', 1), ('alur dom', 2), ('bhetki paturi', 2)]",0,47.68,2875.0,6,,3.4885
ORD038802,REST0057,CUST07862,COUR4896,-37.8161748,144.9826365,2020-04-06,11:08:34,0,0,Car,"[('chocolate sandwiches', 3), ('corn sandwich', 2), ('potato twister', 2), ('cheese sandwich', 3)]",20,121.416,,5,,
ORD158414,REST0057,CUST13444,COUR1955,-37.81868370000001,144.9427816,2020-07-07,09:45:29,0,0,Car,"[('corn sandwich', 2), ('lassi', 3), ('chaat', 3)]",40,77.244,2628.0,6,,3.0251
ORD064816,REST0732,CUST02469,COUR1270,-37.800832299999996,144.94185369999997,2020-11-25,18:03:57,1,0,Bike,"[('waffles', 1), ('burgers', 3), ('coffee', 1)]",0,79.84,6761.0,34,,7.6906
ORD196716,REST1136,CUST07728,COUR3365,-37.800980700000004,144.9577199,2020-06-04,21:09:53,0,0,Motorbike,"[('mango lassi', 1), ('matka kulfi', 3), ('palak pakoda', 1), ('beer', 2)]",45,58.614,1276.0,3,,2.9914
ORD059355,REST0057,CUST05773,COUR3030,-37.8112963,144.94402150000002,2020-06-30,08:02:38,0,0,Motorbike,"[('potato twister', 1), ('panipuri', 1)]",45,14.938,,5,,
ORD036622,REST1136,CUST10487,COUR0650,-37.811629499999995,145.0118642,2020-12-29,10:21:05,0,0,Car,"[('palak pakoda', 2), ('matka kulfi', 2), ('thandai', 3)]",0,133.86,5542.0,13,,3.8477
ORD344633,REST1634,CUST00971,COUR1052,-37.8106855,144.9638658,2020-03-24,07:54:43,0,0,Bike,"[('supreme pizza', 2), ('potato wedges', 2), ('farm pizza', 1), ('ice tea', 2)]",45,50.083,,12,,
ORD090522,REST1634,CUST05217,COUR2722,-37.8198468,144.96145280000002,2020-05-12,06:59:20,0,0,Motorbike,"[('farm pizza', 1), ('pasta', 3)]",0,39.31,2191.0,4,,3.2308
ORD086774,REST1136,CUST13411,COUR1522,-37.8106139,145.0104371,2020-10-09,03:25:42,0,0,Motorbike,"[('beer', 2), ('salads', 2), ('lunch buffet', 2)]",10,72.378,5838.0,12,,4.0218
ORD057057,REST0732,CUST11559,COUR4117,-37.82303889999999,144.99124419999998,2020-11-05,14:58:01,0,0,Bike,"[('waffles', 1), ('salads', 3), ('burgers', 1)]",0,66.56,4038.0,20,,4.942
ORD229716,REST0732,CUST06430,COUR2573,-37.8127925,145.0105819,2020-09-20,21:49:27,0,1,Bike,"[('pasta', 1), ('coffee', 2), ('salads', 2)]",10,36.891,,10,,
ORD299356,REST0732,CUST08324,COUR3878,-37.8130944,144.9516264,2020-03-19,01:19:07,0,0,Bike,"[('burgers', 2), ('waffles', 3), ('sandwiches', 3), ('pasta', 2)]",40,107.304,,31,,
ORD149124,REST0337,CUST05529,COUR3234,-37.8187239,144.96130459999998,2020-07-09,23:04:36,0,0,Motorbike,"[('fish cutlet', 3), ('bhetki paturi', 3)]",20,54.528,1633.0,3,,3.1684
ORD344010,REST0057,CUST01995,COUR4315,-37.8063852,145.01003269999998,2020-10-17,13:50:46,1,1,Car,"[('chocolate sandwiches', 3), ('cheese sandwiches', 3), ('corn sandwich', 1), ('potato twister', 2)]",10,128.691,4472.0,11,,6.1161
ORD064892,REST0057,CUST02201,COUR1048,-37.8124129,144.95175930000002,2020-11-03,06:35:36,0,0,Motorbike,"[('chilli cheese', 1), ('cheese sandwich', 3)]",40,14.814,1437.0,3,,3.0698
ORD078366,REST0337,CUST13997,COUR0881,-37.810432,144.9614358,2020-03-02,22:25:03,0,0,Bike,"[('bhetki paturi', 3), ('chicken dak bunglow', 2)]",0,53.7,1497.0,7,,3.4543
ORD004335,REST0337,CUST01029,COUR1602,-37.806091200000004,144.9338228,2020-01-31,05:44:10,0,0,Bike,"[('fish finger', 1), ('fish curry', 2), ('chicken dak bunglow', 1), ('aloo posto', 2)]",20,61.36,,9,,
ORD084914,REST1634,CUST07230,COUR0830,-37.8209827,144.9475878,2020-12-08,14:02:38,0,0,Motorbike,"[('potato wedges', 1), ('thin crust pizza', 1), ('farm pizza', 1), ('pasta', 1)]",0,53.11,3524.0,7,,3.6492
ORD346739,REST0732,CUST00375,COUR1064,-37.8078054,144.95587319999998,2020-05-29,17:24:23,0,0,Motorbike,"[('paneer burger', 2), ('waffles', 1), ('pasta', 1)]",45,23.7,,12,,
ORD010138,REST1634,CUST10524,COUR4940,-37.817749600000006,144.97469719999998,2020-04-20,15:49:27,0,0,Bike,"[('potato wedges', 1), ('thin crust pizza', 1), ('ice tea', 3), ('farm pizza', 2)]",0,112.57,1148.0,6,,3.5641
ORD187342,REST0732,CUST02665,COUR0474,-37.8074932,144.9680408,2020-04-09,09:25:42,0,0,Motorbike,"[('salads', 2), ('coffee', 2), ('pasta', 2)]",0,47.54,,9,,
ORD234029,REST0057,CUST05334,COUR1702,-37.816232799999995,144.9644965,2020-02-16,11:40:13,0,1,Motorbike,"[('chocolate sandwich', 1), ('chocolate sandwiches', 1)]",10,33.867,853.0,2,,3.868
ORD195976,REST0337,CUST10483,COUR0895,-37.824667,144.9887678,2020-02-14,18:55:23,1,0,Bike,"[('alur dom', 2), ('bhetki paturi', 3)]",0,37.56,4274.0,21,,6.1377
ORD170514,REST1136,CUST13468,COUR3182,-37.803499,144.948358,2020-02-26,19:58:40,1,0,Car,"[('matka kulfi', 1), ('palak pakoda', 3), ('thandai', 2), ('beer', 1)]",0,130.29,706.0,2,,3.9563
ORD179423,REST0337,CUST07587,COUR1687,-37.8132543,144.93868740000002,2020-05-22,20:58:01,0,0,Motorbike,"[('fish cutlet', 1), ('bengali pulao', 3), ('aloo posto', 2)]",10,44.928,1514.0,3,,3.5348
ORD005045,REST1634,CUST08384,COUR1322,-37.8004515,144.96398159999998,2020-02-09,14:06:35,0,1,Car,"[('thin crust pizza', 1), ('pasta', 2), ('ice tea', 3)]",0,105.39,,7,,
ORD349668,REST1136,CUST13123,COUR4545,-37.81139829999999,144.9494621,2020-05-17,01:11:12,0,1,Motorbike,"[('salads', 3), ('thandai', 1)]",20,33.032,545.0,1,,3.6666
ORD214040,REST0732,CUST13806,COUR1619,-37.8111755,144.966464,2020-06-01,09:33:37,0,0,Car,"[('paneer burger', 3), ('salads', 2)]",0,38.94,4982.0,12,,4.6284
ORD279926,REST1634,CUST09495,COUR0167,-37.8060651,144.9800516,2020-04-30,08:58:01,0,0,Bike,"[('potato wedges', 1), ('farm pizza', 3), ('pasta', 3)]",0,67.63,,8,,
ORD332066,REST0057,CUST11502,COUR3916,-37.7992786,144.9367969,2020-09-20,05:32:18,0,1,Car,"[('lassi', 3), ('cheese sandwich', 1), ('chilli cheese', 1)]",45,30.696,3200.0,8,,4.5966
ORD091492,REST0057,CUST06167,COUR1669,-37.814805299999996,144.9448602,2020-04-07,06:31:38,0,0,Bike,"[('corn sandwich', 1), ('cheese sandwich', 3)]",20,33.472,2004.0,10,,3.8237
ORD320284,REST0337,CUST09135,COUR2710,-37.8169769,144.9532426,2020-08-29,22:21:05,0,1,Motorbike,"[('chicken dak bunglow', 2), ('aloo posto', 3), ('bhetki paturi', 2), ('dhokar dalna', 2)]",0,115.91,,1,,
ORD043651,REST1136,CUST11876,COUR0987,-37.8109494,145.00472340000002,2020-04-02,08:22:25,0,0,Motorbike,"[('beer', 3), ('mango lassi', 1), ('thandai', 2)]",0,109.78,,10,,
ORD348843,REST1634,CUST01984,COUR2112,-37.8024438,145.0139305,2020-08-12,07:03:17,0,0,Bike,"[('potato wedges', 1), ('pasta', 1), ('supreme pizza', 2)]",45,21.61,,19,,
ORD089220,REST0057,CUST07577,COUR1717,-37.817969500000004,144.9485795,2020-02-02,08:26:22,0,1,Motorbike,"[('cheese sandwiches', 1), ('lassi', 3)]",0,54.64,2017.0,4,,4.3366
ORD257430,REST1634,CUST00038,COUR0906,-37.810958299999996,144.9400646,2020-02-11,04:21:05,0,0,Car,"[('pasta', 1), ('farm pizza', 2)]",0,25.77,4587.0,11,,4.2357
ORD323653,REST0057,CUST02974,COUR3464,-37.799351,144.9478679,2020-06-08,00:55:23,0,0,Bike,"[('chocolate sandwich', 2), ('cheese sandwiches', 1), ('chilli cheese', 3), ('corn sandwich', 3)]",0,130.89,2343.0,12,,4.0502
ORD065381,REST0732,CUST09969,COUR4341,-37.804979100000004,144.97746709999998,2020-09-06,00:35:36,0,1,Car,"[('salads', 3), ('waffles', 2)]",0,73.01,3712.0,9,,5.0377
ORD305485,REST0732,CUST01933,COUR3836,-37.8242196,144.97544119999998,2020-12-27,15:01:58,0,1,Motorbike,"[('paneer burger', 3), ('coffee', 3), ('waffles', 1), ('salads', 3)]",0,95.08,5440.0,11,,4.8403
ORD016349,REST0337,CUST07017,COUR2680,-37.8055395,144.955269,2020-06-13,17:52:05,0,1,Bike,"[('chicken curry', 2), ('chicken dak bunglow', 2), ('fish finger', 2), ('fish curry', 3)]",45,79.321,1638.0,8,,4.7493
ORD241539,REST0337,CUST06407,COUR3494,-37.8023485,145.004627,2020-09-27,12:23:44,1,1,Bike,"[('alur dom', 1), ('aloo posto', 3)]",20,24.12,5960.0,30,,8.3872
ORD284706,REST0057,CUST00462,COUR4442,-37.80595170000001,144.9335112,2020-08-30,10:25:03,0,1,Motorbike,"[('cheese sandwiches', 2), ('chilli cheese', 2), ('panipuri', 3)]",20,64.576,,7,,
ORD104466,REST1634,CUST07399,COUR1678,-37.8236376,144.9673758,2020-09-27,00:03:57,0,1,Motorbike,"[('potato wedges', 2), ('farm pizza', 1)]",45,18.612,2228.0,4,,4.5529
ORD234546,REST0057,CUST06418,COUR1351,-37.8034041,145.0035216,2020-10-31,13:34:56,1,1,Car,"[('cheese sandwiches', 3), ('chaat', 2), ('corn sandwich', 1), ('lassi', 3)]",0,125.73,,10,,
ORD014386,REST0337,CUST08163,COUR3559,-37.816013500000004,144.99963469999997,2020-02-05,00:07:54,0,0,Car,"[('fish finger', 2), ('alur dom', 2), ('dhokar dalna', 3), ('bhetki paturi', 2)]",0,136.52,,13,,
ORD018404,REST0337,CUST06630,COUR2864,-37.8259823,144.98199430000003,2020-09-09,10:48:47,0,0,Motorbike,"[('bhetki paturi', 3), ('fish cutlet', 3), ('fish curry', 3), ('alur dom', 1)]",10,108.108,,8,,
ORD272191,REST0732,CUST00847,COUR1748,-37.799398499999995,144.99978049999999,2020-10-23,23:32:18,0,0,Bike,"[('coffee', 1), ('pasta', 1), ('paneer burger', 2)]",40,17.028,1269.0,6,,3.2949
ORD274125,REST0057,CUST12143,COUR3831,-37.8149457,144.9647656,2020-09-21,23:48:07,0,0,Bike,"[('panipuri', 2), ('cheese sandwich', 3)]",0,49.95,655.0,3,,3.0818
ORD309385,REST0057,CUST00606,COUR3850,-37.8149767,144.94132439999998,2020-06-05,15:45:29,0,0,Car,"[('cheese sandwiches', 3), ('chaat', 3)]",0,72.0,2417.0,6,,3.2779
ORD218191,REST0057,CUST08246,COUR2642,-37.8206978,144.9567946,2020-08-29,14:54:03,0,1,Bike,"[('potato twister', 2), ('chilli cheese', 3), ('panipuri', 3), ('chaat', 1)]",20,80.576,1837.0,9,,4.8087
ORD091270,REST1136,CUST13924,COUR2085,-37.811542200000005,144.96458669999998,2020-03-07,17:44:10,0,1,Motorbike,"[('thandai', 3), ('palak pakoda', 3)]",0,119.07,1525.0,3,,3.9111
ORD277682,REST0057,CUST03204,COUR0494,-37.8089572,144.9286705,2020-05-16,18:51:25,1,1,Bike,"[('lassi', 1), ('corn sandwich', 1)]",20,30.104,3610.0,18,,7.4779
ORD233231,REST1634,CUST11330,COUR2553,-37.817165700000004,144.967727,2020-01-02,03:45:29,0,0,Bike,"[('potato wedges', 1), ('supreme pizza', 1), ('ice tea', 3)]",45,45.842,1553.0,8,,3.9538
ORD146566,REST0337,CUST07120,COUR0808,-37.823017,145.014163,2020-10-10,16:48:47,0,1,Bike,"[('alur dom', 2), ('fish finger', 1), ('dhokar dalna', 2)]",0,82.95,6701.0,34,,7.482
ORD131030,REST0732,CUST11006,COUR4651,-37.8019364,144.95815359999997,2020-09-12,02:14:30,0,1,Motorbike,"[('waffles', 3), ('burgers', 3), ('pasta', 3), ('paneer burger', 3)]",0,157.62,,11,,
ORD213299,REST0057,CUST10487,COUR4398,-37.811629499999995,145.0118642,2020-03-25,12:15:49,1,0,Bike,"[('panipuri', 2), ('chocolate sandwiches', 2)]",0,73.68,,21,,
ORD230170,REST1634,CUST11337,COUR2111,-37.8195343,144.9415961,2020-07-22,04:09:13,0,0,Bike,"[('supreme pizza', 1), ('potato wedges', 3)]",45,25.938,4198.0,21,,5.2308
ORD276023,REST0732,CUST08931,COUR1941,-37.799429700000005,144.9508937,2020-04-17,09:41:32,0,0,Bike,"[('coffee', 2), ('paneer burger', 3), ('salads', 2), ('burgers', 2)]",20,70.192,5933.0,30,,5.8996
ORD112579,REST0732,CUST09204,COUR2290,-37.8084292,144.9679737,2020-12-10,21:09:53,0,0,Bike,"[('paneer burger', 1), ('coffee', 2)]",10,20.718,4686.0,23,,5.0981
ORD130547,REST0057,CUST05401,COUR4669,-37.8156495,144.9639803,2020-03-27,10:25:03,0,0,Motorbike,"[('chilli cheese', 3), ('panipuri', 3)]",20,51.696,758.0,2,,3.0002
ORD301734,REST0337,CUST10194,COUR4630,-37.8220093,144.96989219999998,2020-07-02,21:41:32,0,0,Car,"[('chicken dak bunglow', 2), ('chicken curry', 3), ('aloo posto', 1)]",0,91.05,2620.0,6,,3.1531
ORD251164,REST1136,CUST13130,COUR2598,-37.815059999999995,144.9392759,2020-11-02,07:11:12,0,0,Motorbike,"[('salads', 3), ('palak pakoda', 2), ('lunch buffet', 3)]",45,52.641,1482.0,3,,2.8744
ORD308713,REST1634,CUST08173,COUR4275,-37.8159842,145.0003513,2020-03-30,23:44:10,0,0,Car,"[('pasta', 1), ('supreme pizza', 3), ('ice tea', 1)]",0,54.78,1602.0,4,,3.044
ORD335293,REST0732,CUST12274,COUR2771,-37.821438799999996,144.9613955,2020-04-25,10:36:55,0,1,Car,"[('salads', 1), ('paneer burger', 2), ('waffles', 2), ('sandwiches', 3)]",0,133.21,6035.0,14,,5.2883
ORD314668,REST0057,CUST05723,COUR0173,-37.8130154,144.9406963,2020-11-25,08:14:30,0,0,Car,"[('cheese sandwich', 2), ('chaat', 2)]",0,38.46,2495.0,6,,3.1367
ORD003308,REST0057,CUST09417,COUR0829,-37.818020600000004,144.96488530000002,2020-03-12,16:52:44,0,0,Bike,"[('chocolate sandwiches', 1), ('cheese sandwiches', 3), ('panipuri', 3)]",0,101.1,1051.0,5,,3.4409
ORD279065,REST0337,CUST05777,COUR2190,-37.8092158,144.9372023,2020-03-28,23:56:02,0,1,Motorbike,"[('fish cutlet', 2), ('bhetki paturi', 2)]",0,45.44,1423.0,3,,4.0146
ORD102217,REST1634,CUST08747,COUR0128,-37.812505200000004,144.9652372,2020-02-14,22:01:19,0,0,Motorbike,"[('ice tea', 3), ('supreme pizza', 2), ('thin crust pizza', 2), ('pasta', 3)]",0,153.38,,4,,
ORD191227,REST1634,CUST06082,COUR3471,-37.807637,144.9426125,2020-12-01,20:26:22,0,0,Car,"[('farm pizza', 2), ('pasta', 3)]",0,46.91,,11,,
ORD313892,REST1136,CUST04502,COUR4004,-37.822344,144.96820380000003,2020-08-06,13:07:15,1,0,Car,"[('lunch buffet', 1), ('thandai', 2), ('mango lassi', 3), ('beer', 3)]",40,81.516,2628.0,6,,4.8187
ORD159978,REST1634,CUST04323,COUR1105,-37.817711200000005,144.9670334,2020-06-20,01:07:15,0,1,Bike,"[('supreme pizza', 1), ('pasta', 2)]",20,23.152,1616.0,8,,4.6872
ORD143585,REST0057,CUST04912,COUR3279,-37.804696500000006,144.9985598,2020-01-30,18:35:36,1,0,Bike,"[('corn sandwich', 3), ('chocolate sandwiches', 3), ('chocolate sandwich', 3), ('chaat', 3)]",40,132.66,3525.0,18,,6.1825
ORD274286,REST0057,CUST03169,COUR3035,-37.803912,144.9885591,2020-12-08,06:11:52,0,0,Bike,"[('chocolate sandwich', 2), ('cheese sandwich', 3), ('chocolate sandwiches', 2)]",0,94.01,,13,,
ORD325296,REST1136,CUST13662,COUR4521,-37.8173683,144.95968290000002,2020-06-12,21:09:53,0,0,Car,"[('thandai', 3), ('lunch buffet', 3)]",0,115.68,1372.0,3,,3.0422
ORD226144,REST1634,CUST11911,COUR4478,-37.8021782,144.9837011,2020-07-28,20:38:14,0,0,Motorbike,"[('ice tea', 1), ('potato wedges', 2), ('supreme pizza', 3), ('thin crust pizza', 3)]",10,122.319,1851.0,4,,3.6085
ORD279168,REST1136,CUST12329,COUR3025,-37.817659,144.9590581,2020-08-24,01:50:46,0,0,Bike,"[('mango lassi', 2), ('matka kulfi', 1), ('salads', 2), ('palak pakoda', 1)]",0,54.63,1344.0,7,,3.1447
ORD333148,REST1136,CUST12825,COUR0744,-37.799437899999994,145.00364219999997,2020-11-02,18:59:20,1,0,Car,"[('palak pakoda', 1), ('matka kulfi', 1), ('beer', 1), ('lunch buffet', 3)]",0,96.27,5772.0,14,,5.3659
ORD330933,REST0732,CUST03875,COUR3447,-37.8223305,144.94699519999998,2020-09-05,05:24:23,0,1,Bike,"[('paneer burger', 1), ('waffles', 2), ('pasta', 1), ('sandwiches', 1)]",0,80.57,,36,,
ORD150891,REST1136,CUST10545,COUR1042,-37.799408299999996,144.9365256,2020-06-23,18:47:28,1,0,Car,"[('mango lassi', 2), ('palak pakoda', 1)]",0,27.21,2030.0,5,,4.5165
ORD280516,REST0057,CUST04855,COUR4952,-37.8045071,144.9269774,2020-07-15,06:15:49,0,0,Bike,"[('cheese sandwiches', 3), ('panipuri', 2), ('lassi', 1)]",45,43.34,,20,,
ORD331583,REST0732,CUST11753,COUR0137,-37.8183002,144.9968055,2020-06-24,21:09:53,0,0,Bike,"[('waffles', 1), ('burgers', 2), ('paneer burger', 1), ('sandwiches', 3)]",0,127.06,3310.0,17,,4.3751
ORD171846,REST0337,CUST11459,COUR0026,-37.815931799999994,145.01357959999999,2020-02-25,20:30:19,0,0,Bike,"[('bengali pulao', 1), ('fish finger', 3), ('aloo posto', 1), ('chicken curry', 2)]",0,97.42,6584.0,33,,6.3957
ORD134033,REST1634,CUST12316,COUR1321,-37.8156592,144.95813590000003,2020-12-07,18:39:33,1,0,Bike,"[('pasta', 2), ('farm pizza', 2), ('ice tea', 2)]",0,77.96,2649.0,13,,5.5546
ORD240040,REST1136,CUST11966,COUR1954,-37.8193638,144.99022380000002,2020-08-08,15:37:34,0,1,Car,"[('salads', 3), ('mango lassi', 1), ('beer', 1), ('lunch buffet', 2)]",45,39.99,4438.0,11,,4.6245
ORD220783,REST0732,CUST03252,COUR0334,-37.8010564,144.9822784,2020-03-17,22:25:03,0,0,Car,"[('burgers', 3), ('paneer burger', 2), ('sandwiches', 2), ('pasta', 1)]",0,112.46,2926.0,7,,3.6991
ORD200987,REST0337,CUST04117,COUR4654,-37.8207703,144.9848428,2020-07-23,04:56:42,0,0,Car,"[('alur dom', 1), ('fish curry', 3)]",0,51.96,3895.0,9,,3.5088
ORD208077,REST0057,CUST10946,COUR2088,-37.807104700000004,144.9666451,2020-09-05,07:50:46,0,1,Car,"[('chilli cheese', 2), ('cheese sandwiches', 3), ('corn sandwich', 1)]",45,37.417,,1,,
ORD243158,REST0337,CUST05365,COUR4403,-37.8101896,144.96958859999998,2020-01-08,06:19:46,0,0,Car,"[('alur dom', 3), ('chicken dak bunglow', 3)]",45,43.61,2361.0,6,,3.2111
ORD298346,REST1136,CUST02854,COUR4332,-37.8209454,144.99190430000002,2020-03-11,23:28:21,0,0,Car,"[('mango lassi', 1), ('thandai', 2)]",10,47.124,,11,,
ORD067722,REST0057,CUST08520,COUR4996,-37.8153997,144.9378383,2020-04-10,13:15:09,1,0,Bike,"[('potato twister', 1), ('chilli cheese', 1)]",10,15.75,2807.0,14,,6.3049
ORD325295,REST1634,CUST00342,COUR3911,-37.8203826,144.9820358,2020-05-12,07:46:48,0,0,Motorbike,"[('farm pizza', 3), ('pasta', 1), ('thin crust pizza', 2)]",10,69.309,743.0,1,,2.9382
ORD200478,REST1136,CUST03049,COUR3438,-37.7987505,144.9676581,2020-09-06,12:43:30,1,1,Motorbike,"[('salads', 3), ('beer', 3), ('thandai', 2)]",0,122.15,2370.0,5,,5.7862
ORD346725,REST0732,CUST05821,COUR2876,-37.8104171,144.98101409999998,2020-08-19,02:30:19,0,0,Car,"[('waffles', 2), ('coffee', 3), ('burgers', 2)]",20,81.944,3754.0,9,,4.2334
ORD263638,REST0337,CUST08175,COUR0331,-37.8174025,145.0044285,2020-07-18,13:42:51,1,1,Bike,"[('bhetki paturi', 2), ('aloo posto', 2), ('alur dom', 3)]",0,54.32,,28,,
ORD336379,REST0337,CUST12506,COUR1427,-37.818995,144.95308889999998,2020-08-03,06:59:20,0,0,Motorbike,"[('alur dom', 2), ('fish finger', 2), ('chicken dak bunglow', 2), ('bhetki paturi', 1)]",0,93.16,833.0,2,,3.1297
ORD272482,REST1634,CUST00638,COUR4813,-37.8038083,144.9969606,2020-12-21,11:48:07,0,0,Car,"[('ice tea', 3), ('supreme pizza', 2)]",20,62.424,2283.0,5,,3.4027
ORD315100,REST1136,CUST10735,COUR4803,-37.812005299999996,144.9877182,2020-11-15,12:03:57,1,1,Car,"[('mango lassi', 1), ('matka kulfi', 3), ('lunch buffet', 1)]",0,67.16,3605.0,9,,6.0536
ORD168704,REST1136,CUST10171,COUR1776,-37.8151312,144.9662281,2020-05-18,15:37:34,0,0,Motorbike,"[('palak pakoda', 2), ('mango lassi', 3), ('beer', 2)]",40,52.332,1919.0,4,,2.6183
ORD102555,REST0732,CUST10635,COUR3309,-37.80830220000001,145.00020780000003,2020-07-26,20:22:25,0,1,Bike,"[('salads', 3), ('waffles', 1), ('paneer burger', 1), ('pasta', 1)]",0,63.66,,11,,
ORD102430,REST0732,CUST08206,COUR4932,-37.8176326,145.0054969,2020-07-13,01:27:01,0,0,Car,"[('salads', 1), ('paneer burger', 1), ('sandwiches', 3), ('coffee', 1)]",0,88.84,,6,,
ORD214199,REST0057,CUST03956,COUR2146,-37.8004061,145.0055594,2020-02-03,22:48:47,0,0,Motorbike,"[('chilli cheese', 1), ('lassi', 1)]",45,11.264,4468.0,9,,3.3644
ORD027362,REST0057,CUST01708,COUR3532,-37.8237716,145.0006871,2020-05-02,07:58:40,0,1,Bike,"[('corn sandwich', 2), ('chaat', 3)]",40,51.072,,20,,
ORD326313,REST0732,CUST04587,COUR0390,-37.813594200000004,144.94787340000002,2020-08-24,10:25:03,0,0,Motorbike,"[('sandwiches', 1), ('coffee', 2), ('waffles', 3)]",0,106.06,7479.0,15,,4.5258
ORD250959,REST1634,CUST06300,COUR1736,-37.806793400000004,144.9559989,2020-12-28,23:20:26,0,0,Bike,"[('thin crust pizza', 3), ('farm pizza', 2)]",0,80.66,3212.0,16,,4.5799
ORD299857,REST0337,CUST03272,COUR3664,-37.8029033,144.945419,2020-05-12,11:24:23,0,0,Bike,"[('fish cutlet', 3), ('alur dom', 1)]",0,58.14,,8,,
ORD170752,REST1136,CUST04711,COUR1518,-37.8044762,144.9172294,2020-05-04,11:56:02,0,0,Car,"[('thandai', 2), ('palak pakoda', 2)]",45,43.659,,8,,
ORD111411,REST1136,CUST08114,COUR2162,-37.816073100000004,145.00079680000002,2020-02-05,09:17:48,0,0,Motorbike,"[('matka kulfi', 3), ('mango lassi', 3), ('beer', 2)]",20,81.024,5028.0,10,,3.3549
ORD170802,REST0337,CUST08260,COUR3785,-37.8211598,144.9554353,2020-03-28,07:07:15,0,1,Bike,"[('fish curry', 3), ('fish cutlet', 1)]",0,59.1,,6,,
ORD117791,REST0337,CUST04040,COUR0167,-37.8200086,144.9816241,2020-08-01,18:03:57,1,1,Bike,"[('dhokar dalna', 2), ('fish curry', 3), ('bhetki paturi', 2)]",10,92.898,3610.0,18,,7.1674
ORD277344,REST1136,CUST09917,COUR3564,-37.8259525,144.9526352,2020-10-23,06:27:41,0,0,Car,"[('thandai', 3), ('mango lassi', 1)]",10,68.22,,6,,
ORD125941,REST1136,CUST12877,COUR0005,-37.8241698,145.0006174,2020-07-25,18:00:00,1,1,Motorbike,"[('thandai', 3), ('palak pakoda', 2), ('matka kulfi', 1)]",0,118.34,,11,,
ORD144501,REST0337,CUST01039,COUR1032,-37.8059773,144.92798200000001,2020-05-07,05:12:31,0,0,Bike,"[('chicken curry', 1), ('dhokar dalna', 2), ('alur dom', 3), ('fish curry', 2)]",10,108.198,2126.0,11,,4.2563
ORD077583,REST1136,CUST08057,COUR2327,-37.8200419,145.0131268,2020-01-05,22:29:00,0,1,Car,"[('palak pakoda', 3), ('mango lassi', 1)]",0,54.23,,15,,
ORD298761,REST0732,CUST06604,COUR2435,-37.8247896,144.982697,2020-11-11,22:48:47,0,0,Motorbike,"[('waffles', 3), ('paneer burger', 2)]",20,65.68,4904.0,10,,3.8924
ORD016566,REST0057,CUST00004,COUR1366,-37.820094399999995,144.98049619999998,2020-09-03,20:46:09,0,0,Bike,"[('chaat', 2), ('corn sandwich', 2), ('chocolate sandwiches', 3), ('chilli cheese', 1)]",45,77.99,,11,,
ORD269728,REST0732,CUST12972,COUR4105,-37.8121097,144.9518655,2020-02-29,23:08:34,0,1,Car,"[('waffles', 2), ('sandwiches', 2)]",10,79.848,,15,,
ORD196090,REST0057,CUST04397,COUR0176,-37.823540799999996,144.9714298,2020-12-26,02:22:25,0,1,Bike,"[('chocolate sandwiches', 3), ('potato twister', 3)]",40,59.04,1828.0,9,,4.7949
ORD246222,REST0732,CUST13574,COUR3626,-37.817893700000006,144.93305149999998,2020-06-22,18:11:52,1,0,Car,"[('coffee', 2), ('salads', 1), ('burgers', 3)]",0,74.28,8153.0,20,,6.6116
ORD144476,REST0057,CUST08699,COUR4080,-37.8216996,144.93661200000003,2020-02-17,05:28:21,0,0,Bike,"[('potato twister', 2), ('cheese sandwiches', 3)]",45,30.899,,19,,
ORD249952,REST0337,CUST01757,COUR0879,-37.8122878,144.9710567,2020-10-12,07:30:59,0,0,Car,"[('chicken curry', 1), ('bengali pulao', 1), ('alur dom', 1), ('aloo posto', 1)]",40,23.538,,6,,
ORD290718,REST1136,CUST04168,COUR0870,-37.8198073,144.9810554,2020-02-22,10:01:19,0,1,Motorbike,"[('matka kulfi', 2), ('mango lassi', 2), ('lunch buffet', 3)]",20,69.888,3579.0,7,,4.3985
ORD067131,REST0057,CUST05691,COUR3199,-37.8139739,144.9377565,2020-09-19,20:22:25,0,1,Car,"[('chilli cheese', 2), ('cheese sandwiches', 2), ('panipuri', 1), ('potato twister', 2)]",0,72.64,2982.0,7,,4.6664
ORD035831,REST0057,CUST04716,COUR0043,-37.8153797,144.92251059999998,2020-03-10,09:01:58,0,0,Motorbike,"[('chocolate sandwiches', 2), ('potato twister', 2), ('chaat', 2), ('corn sandwich', 2)]",10,123.966,4678.0,9,,3.7189
ORD253231,REST1136,CUST02846,COUR0531,-37.8207291,144.9909791,2020-03-31,02:46:09,0,0,Bike,"[('beer', 3), ('palak pakoda', 1), ('thandai', 1)]",20,77.688,,22,,
ORD305129,REST0057,CUST06599,COUR4896,-37.8256995,144.9827761,2020-03-20,12:51:25,1,0,Car,"[('corn sandwich', 2), ('chocolate sandwiches', 1), ('potato twister', 2), ('cheese sandwiches', 3)]",40,74.16,,6,,
ORD187950,REST0337,CUST04918,COUR2121,-37.8251158,144.9588699,2020-05-14,23:52:05,0,0,Bike,"[('chicken curry', 1), ('aloo posto', 1), ('bengali pulao', 2), ('fish curry', 2)]",0,65.11,,10,,
ORD291745,REST0057,CUST12626,COUR2854,-37.8033927,144.9492205,2020-08-03,17:20:26,0,0,Bike,"[('chocolate sandwiches', 3), ('chaat', 1), ('chilli cheese', 3)]",20,75.616,2009.0,10,,3.8519
ORD243820,REST0057,CUST04892,COUR4911,-37.8160847,144.9726051,2020-05-28,19:38:54,1,0,Motorbike,"[('corn sandwich', 1), ('lassi', 3)]",20,53.368,,2,,
ORD121964,REST0057,CUST00281,COUR4325,-37.791484499999996,144.9367602,2020-02-07,06:03:57,0,0,Car,"[('cheese sandwiches', 2), ('chocolate sandwich', 3), ('lassi', 1), ('panipuri', 1)]",0,101.35,,10,,
ORD337749,REST0057,CUST07688,COUR3477,-37.814229499999996,145.0119189,2020-01-21,11:28:21,0,0,Motorbike,"[('chocolate sandwich', 1), ('cheese sandwiches', 2)]",0,38.43,4655.0,9,,4.0067
ORD220427,REST1634,CUST13685,COUR2243,-37.8189749,144.9549254,2020-11-11,02:06:35,0,0,Car,"[('farm pizza', 2), ('pasta', 2), ('potato wedges', 1), ('thin crust pizza', 2)]",45,51.205,2852.0,7,,3.6582
ORD164119,REST1634,CUST08672,COUR0317,-37.8025039,144.960533,2020-08-02,16:36:55,0,1,Bike,"[('thin crust pizza', 1), ('potato wedges', 2), ('farm pizza', 2)]",45,34.793,3112.0,16,,5.5358
ORD130745,REST0337,CUST02811,COUR1925,-37.8102031,144.9937946,2020-10-30,01:19:07,0,0,Bike,"[('dhokar dalna', 3), ('chicken curry', 3), ('fish cutlet', 2), ('bengali pulao', 1)]",0,160.2,,22,,
ORD281413,REST0337,CUST03726,COUR4221,-37.80255820000001,144.9930549,2020-11-22,22:21:05,0,1,Bike,"[('aloo posto', 2), ('bhetki paturi', 3), ('fish finger', 1)]",0,50.13,4898.0,24,,6.4123
ORD334613,REST0732,CUST09790,COUR4733,-37.8083158,144.9788115,2020-02-12,19:07:15,1,0,Car,"[('waffles', 1), ('coffee', 2), ('paneer burger', 1), ('pasta', 3)]",10,58.905,,9,,
ORD004786,REST0057,CUST10860,COUR2499,-37.8001924,144.9686569,2020-05-30,00:43:30,0,1,Motorbike,"[('cheese sandwich', 2), ('corn sandwich', 1), ('lassi', 2)]",0,64.67,1391.0,3,,4.2913
ORD037936,REST0732,CUST06876,COUR0580,-37.8064605,144.9613343,2020-03-03,01:30:59,0,0,Motorbike,"[('waffles', 2), ('paneer burger', 1), ('coffee', 2), ('burgers', 1)]",20,67.928,5253.0,11,,4.0134
ORD164353,REST0732,CUST01097,COUR3780,-37.8094885,145.00892230000002,2020-02-15,08:26:22,0,1,Bike,"[('waffles', 1), ('paneer burger', 2)]",0,36.54,1988.0,10,,5.1096
ORD032364,REST0057,CUST10684,COUR1214,-37.8157899,144.9869135,2020-02-03,01:30:59,0,0,Motorbike,"[('chocolate sandwiches', 3), ('chocolate sandwich', 1), ('potato twister', 2), ('corn sandwich', 3)]",10,155.25,2435.0,5,,3.4056
ORD335711,REST1634,CUST10920,COUR4372,-37.7997609,144.9726302,2020-06-25,02:10:32,0,0,Motorbike,"[('potato wedges', 2), ('farm pizza', 2), ('supreme pizza', 1), ('ice tea', 1)]",40,42.03,2637.0,5,,3.3497
ORD209073,REST1634,CUST12206,COUR4787,-37.804486700000005,144.9710562,2020-08-04,12:47:28,1,0,Motorbike,"[('farm pizza', 2), ('potato wedges', 1), ('thin crust pizza', 1)]",40,30.084,2322.0,5,,4.8074
ORD163875,REST0337,CUST01347,COUR2325,-37.8179366,144.966773,2020-07-07,12:00:00,1,0,Car,"[('fish cutlet', 3), ('chicken curry', 2)]",20,65.6,,5,,
ORD236439,REST0057,CUST05151,COUR1585,-37.8241714,144.9537569,2020-10-15,08:02:38,0,0,Car,"[('chilli cheese', 2), ('lassi', 3), ('cheese sandwiches', 1), ('chaat', 2)]",0,92.48,2426.0,6,,3.3164
ORD275105,REST1136,CUST01759,COUR4854,-37.8128208,144.9718045,2020-02-13,08:42:11,0,0,Car,"[('salads', 3), ('thandai', 1)]",0,41.29,,6,,
ORD162884,REST0337,CUST06580,COUR1141,-37.8257466,144.9844918,2020-01-18,14:46:09,0,1,Bike,"[('bhetki paturi', 2), ('dhokar dalna', 3), ('chicken dak bunglow', 1)]",45,55.831,3990.0,20,,5.5656
ORD150249,REST0057,CUST01117,COUR3656,-37.8055456,144.99921730000003,2020-05-15,20:18:27,0,0,Bike,"[('chaat', 2), ('chilli cheese', 2)]",0,37.84,,25,,
ORD144765,REST0057,CUST06918,COUR4891,-37.805754,144.95436850000002,2020-05-26,07:38:54,0,0,Motorbike,"[('cheese sandwich', 3), ('lassi', 2), ('chaat', 3)]",0,86.77,1313.0,3,,3.1618
ORD232527,REST0057,CUST08716,COUR4266,-37.8070269,144.96592030000002,2020-03-24,20:22:25,0,0,Motorbike,"[('chaat', 1), ('cheese sandwich', 1)]",45,10.577,517.0,1,,2.7357
ORD071782,REST0732,CUST05877,COUR1033,-37.816937,144.9898112,2020-08-08,02:38:14,0,1,Bike,"[('salads', 2), ('sandwiches', 2), ('coffee', 3), ('pasta', 2)]",10,88.893,3522.0,18,,5.8057
ORD336144,REST0337,CUST13946,COUR1097,-37.81505739999999,144.952147,2020-08-10,21:37:34,0,0,Bike,"[('bhetki paturi', 2), ('bengali pulao', 2), ('alur dom', 3)]",0,53.42,,4,,
ORD301604,REST0057,CUST10753,COUR1756,-37.8099641,144.9902573,2020-11-11,22:13:11,0,0,Car,"[('corn sandwich', 1), ('chaat', 3)]",0,62.03,2378.0,6,,3.3016
ORD175682,REST0057,CUST01449,COUR1476,-37.81148220000001,144.9687706,2020-11-23,23:12:31,0,0,Motorbike,"[('panipuri', 1), ('chaat', 2)]",10,37.404,430.0,1,,2.7908
ORD284814,REST0337,CUST01094,COUR3558,-37.8106352,145.0101566,2020-03-16,11:20:26,0,0,Bike,"[('alur dom', 2), ('dhokar dalna', 2), ('fish cutlet', 1), ('aloo posto', 2)]",0,96.3,,31,,
ORD091421,REST0057,CUST00126,COUR0911,-37.808012100000006,144.97593419999998,2020-10-20,05:00:39,0,0,Bike,"[('potato twister', 2), ('cheese sandwiches', 2), ('cheese sandwich', 2)]",0,57.66,1128.0,6,,3.595
ORD325257,REST1634,CUST01735,COUR0747,-37.823965,144.94375780000001,2020-04-09,05:12:31,0,0,Car,"[('pasta', 2), ('ice tea', 3)]",20,66.856,4042.0,10,,4.0535
ORD173525,REST1634,CUST02761,COUR1738,-37.8210261,144.9679423,2020-09-29,23:40:13,0,0,Motorbike,"[('farm pizza', 3), ('potato wedges', 2), ('ice tea', 1)]",10,62.865,2050.0,4,,3.4894
ORD112480,REST0337,CUST03629,COUR2330,-37.824321600000005,144.95159990000002,2020-10-26,08:54:03,0,0,Motorbike,"[('fish curry', 2), ('chicken curry', 2), ('alur dom', 1)]",0,70.74,1286.0,3,,3.0827
ORD029305,REST0057,CUST10450,COUR2214,-37.7997479,144.9631858,2020-04-09,03:25:42,0,0,Motorbike,"[('cheese sandwiches', 3), ('chocolate sandwich', 1), ('lassi', 2), ('corn sandwich', 1)]",10,91.458,1396.0,3,,2.9691
ORD205079,REST0337,CUST01989,COUR1908,-37.8030083,145.0089613,2020-06-30,21:01:58,0,0,Bike,"[('aloo posto', 1), ('dhokar dalna', 3), ('bhetki paturi', 1), ('alur dom', 2)]",45,56.766,6142.0,31,,6.0659
ORD019244,REST0337,CUST00562,COUR2869,-37.817811299999995,144.9643523,2020-05-02,17:52:05,0,1,Bike,"[('chicken dak bunglow', 1), ('bhetki paturi', 1)]",0,23.65,1921.0,10,,4.7599
ORD323564,REST0732,CUST01205,COUR1875,-37.8047422,144.989711,2020-12-07,13:34:56,1,0,Car,"[('sandwiches', 2), ('waffles', 3)]",10,100.35,2415.0,6,,4.7212
ORD043823,REST0732,CUST06272,COUR3123,-37.807171999999994,144.9570636,2020-12-06,05:32:18,0,1,Bike,"[('salads', 1), ('coffee', 2), ('waffles', 1), ('burgers', 2)]",0,80.73,,30,,
ORD053220,REST0057,CUST02500,COUR3377,-37.8179807,144.9319734,2020-07-22,07:15:09,0,0,Bike,"[('chocolate sandwiches', 2), ('potato twister', 2), ('cheese sandwiches', 3), ('chaat', 1)]",45,61.402,3420.0,17,,4.4818
ORD138801,REST1634,CUST03608,COUR1477,-37.825342600000006,144.9513179,2020-12-28,00:00:00,0,0,Car,"[('potato wedges', 3), ('pasta', 2), ('farm pizza', 3)]",0,83.3,3439.0,8,,3.7986
ORD327291,REST0337,CUST08062,COUR3378,-37.819972799999995,145.0164243,2020-02-18,22:40:52,0,0,Bike,"[('chicken curry', 1), ('dhokar dalna', 2), ('fish curry', 3), ('fish cutlet', 3)]",0,155.9,6567.0,33,,6.4978
ORD296072,REST0057,CUST03292,COUR0221,-37.8086451,144.9453811,2020-04-05,05:32:18,0,1,Motorbike,"[('chilli cheese', 2), ('lassi', 3), ('chaat', 3), ('cheese sandwich', 1)]",0,100.69,,4,,
ORD087698,REST0337,CUST07375,COUR2845,-37.8188343,144.9685552,2020-06-13,01:54:43,0,1,Car,"[('alur dom', 3), ('fish finger', 1), ('chicken dak bunglow', 3)]",0,96.24,,5,,
ORD219783,REST1136,CUST04949,COUR4937,-37.812148,144.97385730000002,2020-11-16,22:01:19,0,0,Car,"[('lunch buffet', 3), ('thandai', 2)]",45,50.732,,6,,
ORD014222,REST1634,CUST07284,COUR2361,-37.820792499999996,144.9486185,2020-08-26,11:08:34,0,0,Car,"[('potato wedges', 1), ('pasta', 2), ('ice tea', 3), ('supreme pizza', 3)]",45,66.05,3421.0,8,,3.6002
ORD253678,REST1634,CUST03520,COUR3127,-37.8202531,145.0010101,2020-12-20,06:11:52,0,1,Bike,"[('supreme pizza', 2), ('potato wedges', 2), ('pasta', 2), ('ice tea', 3)]",0,125.41,1671.0,8,,4.7039
ORD193026,REST1634,CUST09513,COUR2435,-37.810717700000005,145.0023388,2020-09-15,18:27:41,1,0,Motorbike,"[('potato wedges', 2), ('ice tea', 2)]",0,67.86,,4,,
ORD261548,REST1634,CUST12387,COUR2654,-37.808758600000004,144.9467904,2020-03-04,00:51:25,0,0,Bike,"[('supreme pizza', 1), ('pasta', 2)]",20,23.152,4142.0,21,,5.0407
ORD071448,REST0337,CUST05330,COUR0833,-37.8101553,144.9638469,2020-05-07,12:47:28,1,0,Motorbike,"[('chicken curry', 2), ('fish curry', 2)]",40,36.936,,3,,
ORD051544,REST1136,CUST12703,COUR4373,-37.8036255,144.9497961,2020-08-23,15:57:21,0,1,Car,"[('lunch buffet', 2), ('matka kulfi', 1), ('mango lassi', 2), ('palak pakoda', 2)]",0,89.22,,2,,
ORD050753,REST0057,CUST05015,COUR2437,-37.8095002,144.9726662,2020-09-06,05:40:13,0,1,Bike,"[('cheese sandwich', 2), ('chaat', 1)]",10,22.932,,4,,
ORD008970,REST0057,CUST02355,COUR4187,-37.7994718,145.0063616,2020-10-22,00:35:36,0,0,Motorbike,"[('corn sandwich', 1), ('lassi', 1), ('panipuri', 2), ('chocolate sandwich', 3)]",40,70.8,4675.0,9,,3.5301
ORD097505,REST1634,CUST11125,COUR2297,-37.8059231,144.98620649999998,2020-07-15,13:23:04,1,0,Motorbike,"[('supreme pizza', 1), ('farm pizza', 3), ('potato wedges', 3), ('pasta', 1)]",0,80.53,1317.0,3,,5.2504
ORD188130,REST0732,CUST09067,COUR3588,-37.8090105,144.9430268,2020-03-26,03:49:27,0,0,Car,"[('sandwiches', 2), ('paneer burger', 1)]",40,30.024,,18,,
ORD181667,REST1634,CUST07710,COUR4857,-37.7989324,144.9541514,2020-03-18,01:07:15,0,0,Motorbike,"[('pasta', 3), ('potato wedges', 3), ('ice tea', 2)]",0,112.69,3773.0,8,,3.9754
ORD151212,REST0337,CUST06477,COUR2508,-37.819407500000004,145.01463,2020-06-26,00:11:52,0,0,Bike,"[('dhokar dalna', 2), ('bhetki paturi', 1)]",20,43.232,,32,,
ORD136278,REST1634,CUST13523,COUR4103,-37.823035499999996,145.0087273,2020-01-13,14:18:27,0,0,Car,"[('supreme pizza', 3), ('pasta', 2), ('farm pizza', 3)]",0,67.34,2703.0,6,,3.1597
ORD317534,REST0057,CUST02770,COUR0418,-37.8197918,144.991792,2020-12-10,11:00:39,0,0,Motorbike,"[('corn sandwich', 3), ('lassi', 2), ('chocolate sandwich', 3), ('chaat', 2)]",0,173.48,3047.0,6,,3.2181
ORD331779,REST0732,CUST01315,COUR2850,-37.816622100000004,144.9879502,2020-02-17,17:56:02,0,0,Car,"[('sandwiches', 3), ('pasta', 3), ('paneer burger', 2)]",0,98.15,3621.0,9,,3.8232
ORD061625,REST1136,CUST13783,COUR0163,-37.8115745,144.9642719,2020-09-04,23:12:31,0,0,Motorbike,"[('salads', 2), ('palak pakoda', 3), ('beer', 2)]",45,54.412,1490.0,3,,2.806
ORD224561,REST0057,CUST01548,COUR2430,-37.8098489,144.993852,2020-10-19,01:58:40,0,0,Motorbike,"[('chilli cheese', 1), ('chocolate sandwiches', 2), ('panipuri', 3)]",45,52.371,2704.0,5,,3.2021
ORD341212,REST0337,CUST04425,COUR0438,-37.8245751,144.94313490000002,2020-10-07,12:11:52,1,0,Bike,"[('aloo posto', 3), ('fish curry', 2), ('chicken curry', 3)]",10,89.145,,8,,
ORD088945,REST0732,CUST02302,COUR1037,-37.8171151,144.9700939,2020-12-15,18:47:28,1,0,Bike,"[('coffee', 2), ('pasta', 3)]",0,35.79,5656.0,28,,6.8933
ORD019940,REST0337,CUST07270,COUR4100,-37.8207552,144.9480634,2020-11-25,21:41:32,0,0,Car,"[('chicken dak bunglow', 1), ('fish finger', 3), ('bengali pulao', 3), ('bhetki paturi', 1)]",20,75.296,748.0,2,,3.1946
ORD009431,REST0732,CUST05592,COUR0941,-37.8121182,144.9380601,2020-05-20,02:10:32,0,0,Bike,"[('salads', 1), ('coffee', 3)]",45,18.348,8044.0,40,,6.9303
ORD293842,REST1634,CUST12848,COUR4421,-37.800847600000004,144.9347748,2020-05-21,02:38:14,0,0,Motorbike,"[('supreme pizza', 3), ('potato wedges', 1), ('farm pizza', 3)]",40,35.592,7474.0,15,,4.5515
ORD268698,REST0337,CUST02721,COUR1104,-37.820777500000005,145.0016332,2020-02-18,00:27:41,0,0,Motorbike,"[('dhokar dalna', 3), ('chicken dak bunglow', 2), ('fish curry', 3)]",0,148.74,5462.0,11,,3.842
ORD174932,REST0057,CUST11168,COUR2554,-37.8100167,144.944937,2020-11-03,11:40:13,0,0,Car,"[('cheese sandwiches', 1), ('cheese sandwich', 1), ('chocolate sandwich', 3), ('lassi', 1)]",10,72.882,2199.0,5,,3.3811
ORD232204,REST0337,CUST01419,COUR1332,-37.809741100000004,144.9676108,2020-06-09,15:25:42,0,0,Car,"[('chicken dak bunglow', 3), ('dhokar dalna', 1)]",20,60.456,,6,,
ORD172062,REST0337,CUST03816,COUR1371,-37.80238320000001,145.0125023,2020-11-01,06:59:20,0,1,Motorbike,"[('fish curry', 3), ('dhokar dalna', 2), ('bengali pulao', 3), ('aloo posto', 2)]",0,124.02,6518.0,13,,4.7505
ORD266159,REST1634,CUST03728,COUR2495,-37.812476200000006,144.9940134,2020-05-06,14:18:27,0,0,Motorbike,"[('potato wedges', 3), ('farm pizza', 1)]",0,46.96,1369.0,3,,3.2654
ORD334338,REST1634,CUST09624,COUR2013,-37.8151473,144.9602956,2020-02-18,02:26:22,0,0,Motorbike,"[('potato wedges', 3), ('thin crust pizza', 3), ('farm pizza', 1)]",0,112.42,2441.0,5,,3.6438
ORD071141,REST0732,CUST08692,COUR4844,-37.806250899999995,144.9598532,2020-02-08,18:43:30,1,1,Bike,"[('salads', 3), ('pasta', 3), ('burgers', 3)]",10,86.481,5382.0,27,,8.3512
ORD101530,REST0337,CUST13224,COUR0042,-37.8208084,144.9772272,2020-05-01,15:09:53,0,0,Car,"[('fish cutlet', 1), ('fish finger', 2), ('bhetki paturi', 3)]",0,69.42,3246.0,8,,3.5287
ORD229611,REST0337,CUST06609,COUR2253,-37.824387,144.982992,2020-04-23,07:50:46,0,0,Motorbike,"[('fish finger', 2), ('dhokar dalna', 2), ('aloo posto', 3), ('fish curry', 1)]",40,70.062,3915.0,8,,3.838
ORD329250,REST0337,CUST04130,COUR3035,-37.8195001,144.98520349999998,2020-05-08,08:46:09,0,0,Bike,"[('alur dom', 1), ('fish curry', 2), ('fish finger', 3), ('fish cutlet', 2)]",0,121.19,3793.0,19,,4.5653
ORD305262,REST1634,CUST02673,COUR2097,-37.805095200000004,144.9685561,2020-09-01,11:00:39,0,0,Motorbike,"[('pasta', 3), ('potato wedges', 3), ('thin crust pizza', 2), ('ice tea', 1)]",0,135.52,2212.0,4,,3.0761
ORD107324,REST1634,CUST12506,COUR4034,-37.818995,144.95308889999998,2020-05-15,17:12:31,0,0,Car,"[('pasta', 1), ('supreme pizza', 3), ('potato wedges', 3), ('farm pizza', 2)]",0,88.53,3056.0,7,,4.2166
ORD249903,REST1136,CUST01280,COUR1810,-37.8027201,144.9741767,2020-12-10,12:27:41,1,0,Motorbike,"[('palak pakoda', 2), ('lunch buffet', 2)]",10,56.466,2545.0,5,,4.5201
ORD250718,REST0057,CUST12941,COUR4707,-37.809775,144.97240109999998,2020-03-20,02:02:38,0,0,Bike,"[('potato twister', 3), ('cheese sandwiches', 3), ('panipuri', 1), ('chilli cheese', 3)]",0,101.16,813.0,4,,3.0671
ORD027989,REST1634,CUST01576,COUR4766,-37.8221138,144.99515259999998,2020-04-08,03:41:32,0,0,Car,"[('pasta', 2), ('thin crust pizza', 3), ('farm pizza', 1)]",20,75.36,1340.0,3,,3.2614
ORD141073,REST1136,CUST05617,COUR4829,-37.8133482,144.9377959,2020-07-14,08:42:11,0,0,Motorbike,"[('lunch buffet', 1), ('salads', 3), ('palak pakoda', 2), ('beer', 3)]",20,98.312,1487.0,3,,3.1125
ORD277768,REST0337,CUST02887,COUR4100,-37.8038468,144.9648389,2020-05-05,00:39:33,0,0,Car,"[('aloo posto', 1), ('chicken curry', 2)]",45,22.017,,6,,
ORD013713,REST0337,CUST00631,COUR0817,-37.805693299999994,144.94122,2020-06-12,08:38:14,0,0,Bike,"[('dhokar dalna', 3), ('chicken dak bunglow', 3)]",0,123.21,,7,,
ORD200138,REST0732,CUST07852,COUR1845,-37.8166176,144.9838127,2020-03-09,10:40:52,0,0,Motorbike,"[('coffee', 1), ('burgers', 2), ('sandwiches', 1)]",20,49.848,,8,,
ORD108376,REST1136,CUST08829,COUR2572,-37.804447100000004,144.9616909,2020-11-20,05:00:39,0,0,Bike,"[('lunch buffet', 2), ('palak pakoda', 2), ('thandai', 2), ('salads', 2)]",40,72.912,1284.0,6,,3.2004
ORD185712,REST0337,CUST03416,COUR1346,-37.8103472,144.98364919999997,2020-02-08,07:30:59,0,1,Motorbike,"[('fish cutlet', 2), ('alur dom', 3), ('dhokar dalna', 1), ('fish finger', 2)]",40,70.74,3630.0,7,,4.5388
ORD139825,REST1634,CUST12596,COUR1140,-37.823994799999994,144.9642918,2020-01-30,19:34:56,1,0,Motorbike,"[('pasta', 2), ('farm pizza', 3), ('supreme pizza', 2)]",0,59.54,,5,,
ORD162898,REST0732,CUST10023,COUR0779,-37.8104906,145.00418009999999,2020-06-28,03:25:42,0,1,Car,"[('pasta', 2), ('paneer burger', 2)]",20,21.488,,5,,
ORD283374,REST0337,CUST04492,COUR4021,-37.8210611,144.9687644,2020-10-21,22:48:47,0,0,Motorbike,"[('fish curry', 2), ('fish cutlet', 1)]",20,35.872,,5,,
ORD081408,REST0337,CUST08764,COUR3251,-37.800559899999996,144.9609371,2020-04-02,09:01:58,0,0,Motorbike,"[('chicken dak bunglow', 1), ('fish finger', 2), ('bengali pulao', 3), ('fish cutlet', 1)]",0,87.09,2520.0,5,,3.4242
ORD280634,REST1634,CUST00147,COUR3864,-37.8086821,144.9548234,2020-06-10,11:00:39,0,0,Bike,"[('farm pizza', 2), ('supreme pizza', 1)]",45,12.65,,17,,
ORD022862,REST0732,CUST02673,COUR3609,-37.805095200000004,144.9685561,2020-07-11,12:59:20,1,1,Motorbike,"[('coffee', 1), ('sandwiches', 2), ('salads', 2)]",0,69.53,4468.0,9,,6.4743
ORD013240,REST1136,CUST05408,COUR0624,-37.799814399999995,144.9809354,2020-10-11,06:51:25,0,1,Bike,"[('matka kulfi', 2), ('mango lassi', 2), ('palak pakoda', 2), ('beer', 1)]",0,93.64,,17,,
ORD191405,REST1634,CUST08158,COUR4496,-37.818735100000005,145.0003355,2020-05-22,01:50:46,0,0,Car,"[('farm pizza', 1), ('ice tea', 3), ('pasta', 1)]",45,44.33,1433.0,3,,3.118
ORD262532,REST1634,CUST09078,COUR4776,-37.822216100000006,144.93129309999998,2020-03-22,14:30:19,0,1,Car,"[('thin crust pizza', 1), ('supreme pizza', 3), ('potato wedges', 1), ('pasta', 2)]",40,47.688,,16,,
ORD149572,REST1634,CUST11945,COUR1654,-37.7907967,144.985865,2020-06-02,21:49:27,0,0,Bike,"[('ice tea', 3), ('pasta', 3), ('potato wedges', 3)]",0,133.5,,16,,
ORD069509,REST0337,CUST00575,COUR4644,-37.8174848,144.965281,2020-01-13,12:43:30,1,0,Bike,"[('bengali pulao', 2), ('chicken curry', 1)]",40,17.76,2009.0,10,,5.2055
ORD346272,REST1136,CUST01798,COUR3185,-37.7991477,144.96323610000002,2020-06-11,12:19:46,1,0,Bike,"[('lunch buffet', 1), ('palak pakoda', 3), ('matka kulfi', 1), ('thandai', 2)]",0,126.27,1859.0,9,,4.9125
ORD113329,REST0732,CUST05968,COUR4479,-37.8204791,144.9660281,2020-02-25,02:34:17,0,0,Car,"[('coffee', 1), ('paneer burger', 2), ('burgers', 3)]",20,56.656,5802.0,14,,4.3133
ORD313042,REST1136,CUST00386,COUR4833,-37.820645500000005,144.9567325,2020-01-13,06:51:25,0,0,Motorbike,"[('beer', 2), ('mango lassi', 1), ('lunch buffet', 1)]",10,52.992,1548.0,3,,2.4555
ORD270117,REST0732,CUST07702,COUR2753,-37.7936925,144.9475187,2020-09-03,04:21:05,0,0,Motorbike,"[('salads', 3), ('paneer burger', 3)]",0,48.09,,13,,
ORD183898,REST0337,CUST04406,COUR0429,-37.824338899999994,144.97417380000002,2020-06-12,02:26:22,0,0,Motorbike,"[('dhokar dalna', 2), ('fish finger', 2), ('chicken dak bunglow', 1), ('bhetki paturi', 3)]",40,70.794,3228.0,6,,3.8487
ORD325249,REST0732,CUST06291,COUR2112,-37.807387799999994,144.95824230000002,2020-07-24,08:34:17,0,0,Bike,"[('sandwiches', 3), ('salads', 3), ('pasta', 2), ('burgers', 2)]",0,137.95,5588.0,28,,5.8661
ORD206929,REST1136,CUST09519,COUR4336,-37.8099114,144.994597,2020-08-09,11:44:10,0,1,Motorbike,"[('salads', 3), ('thandai', 3)]",0,88.17,4025.0,8,,4.6744
ORD331800,REST1634,CUST11552,COUR4174,-37.8211473,144.94328810000002,2020-11-24,14:54:03,0,0,Motorbike,"[('potato wedges', 3), ('ice tea', 2), ('pasta', 3)]",0,112.69,3897.0,8,,3.7581
ORD011300,REST0337,CUST08721,COUR0261,-37.821776299999996,144.9519159,2020-05-16,21:41:32,0,1,Car,"[('aloo posto', 2), ('dhokar dalna', 1), ('fish cutlet', 3)]",20,69.408,,2,,
ORD224308,REST0337,CUST07604,COUR1154,-37.8130127,144.93894619999998,2020-03-12,23:56:02,0,0,Bike,"[('bengali pulao', 2), ('alur dom', 1)]",0,22.26,,8,,
ORD156022,REST0057,CUST00514,COUR1386,-37.8125676,144.95607980000003,2020-06-30,09:21:45,0,0,Bike,"[('panipuri', 3), ('chaat', 1), ('chocolate sandwich', 2)]",10,83.304,923.0,5,,3.3033
ORD347596,REST1136,CUST10845,COUR1375,-37.8118717,144.9999248,2020-02-22,09:57:21,0,1,Bike,"[('lunch buffet', 2), ('mango lassi', 1), ('thandai', 1)]",20,47.328,4622.0,23,,5.8939
ORD331428,REST1136,CUST10631,COUR1804,-37.8047683,144.9981308,2020-06-15,00:55:23,0,0,Car,"[('salads', 2), ('palak pakoda', 2)]",10,39.96,,11,,
ORD330692,REST0337,CUST07073,COUR4729,-37.8017321,144.95761509999997,2020-08-30,12:07:54,1,1,Bike,"[('fish cutlet', 1), ('chicken dak bunglow', 3), ('fish curry', 1), ('bhetki paturi', 1)]",0,88.73,2216.0,11,,6.5183
ORD273653,REST0057,CUST07108,COUR2846,-37.8054045,144.9520045,2020-01-19,00:51:25,0,1,Bike,"[('cheese sandwiches', 3), ('lassi', 1)]",0,47.6,1528.0,8,,4.5182
ORD316386,REST0057,CUST00393,COUR2733,-37.820266,144.9843439,2020-08-01,13:27:01,1,1,Car,"[('potato twister', 1), ('cheese sandwich', 2), ('cheese sandwiches', 2), ('lassi', 1)]",20,48.512,2504.0,6,,5.6937
ORD236122,REST0057,CUST02905,COUR0970,-37.80614129999999,144.98616930000003,2020-01-06,00:15:49,0,0,Car,"[('cheese sandwich', 3), ('potato twister', 1), ('chaat', 3)]",0,69.25,2168.0,5,,3.5551
ORD048170,REST0732,CUST13877,COUR1308,-37.8167657,144.97009119999998,2020-04-10,16:40:52,0,0,Car,"[('sandwiches', 1), ('waffles', 3), ('paneer burger', 1), ('coffee', 2)]",20,90.352,4993.0,12,,4.2448
ORD335582,REST0057,CUST04121,COUR3535,-37.82046939999999,144.98505469999998,2020-10-12,22:01:19,0,0,Car,"[('chocolate sandwich', 1), ('chilli cheese', 3), ('panipuri', 3), ('potato twister', 3)]",10,104.121,,6,,
ORD073328,REST1136,CUST11994,COUR0930,-37.8160136,144.9919545,2020-09-29,01:15:09,0,0,Motorbike,"[('matka kulfi', 3), ('palak pakoda', 1), ('thandai', 1), ('lunch buffet', 3)]",0,131.61,,9,,
ORD283423,REST0732,CUST00617,COUR1316,-37.814831700000006,144.9554309,2020-12-09,22:36:55,0,0,Car,"[('paneer burger', 1), ('burgers', 3), ('sandwiches', 2), ('pasta', 2)]",0,112.13,6097.0,15,,4.5769
ORD082956,REST0732,CUST04460,COUR3954,-37.798441,144.99458909999998,2020-11-08,16:05:16,0,1,Motorbike,"[('burgers', 3), ('pasta', 1), ('coffee', 1), ('salads', 3)]",0,91.06,1801.0,4,,4.1411
ORD122435,REST1634,CUST03649,COUR3243,-37.79896110000001,144.96652219999999,2020-04-24,06:51:25,0,0,Car,"[('supreme pizza', 1), ('potato wedges', 3), ('pasta', 2), ('farm pizza', 2)]",0,83.5,3136.0,8,,3.897
ORD244737,REST1136,CUST02664,COUR4223,-37.8075915,144.9684368,2020-06-07,02:34:17,0,1,Motorbike,"[('beer', 1), ('palak pakoda', 3), ('matka kulfi', 2), ('lunch buffet', 1)]",0,114.05,1706.0,3,,3.8695
ORD066249,REST0337,CUST04879,COUR0650,-37.819703999999994,144.9791275,2020-06-02,20:18:27,0,0,Car,"[('alur dom', 2), ('dhokar dalna', 1), ('chicken dak bunglow', 2), ('aloo posto', 1)]",0,83.67,3252.0,8,,3.6886
ORD208394,REST1634,CUST01037,COUR4955,-37.808146799999996,144.9342466,2020-03-21,00:19:46,0,1,Bike,"[('ice tea', 3), ('supreme pizza', 1)]",20,56.184,,26,,
ORD044922,REST1634,CUST10059,COUR0173,-37.8234541,144.9937219,2020-06-14,14:34:17,0,1,Car,"[('pasta', 2), ('ice tea', 2), ('farm pizza', 1)]",0,70.36,1330.0,3,,4.4015
ORD155767,REST0732,CUST03288,COUR2231,-37.8070029,144.9469489,2020-01-22,01:15:09,0,0,Bike,"[('coffee', 3), ('paneer burger', 3), ('pasta', 2)]",0,57.95,6639.0,33,,6.3067
ORD004865,REST0732,CUST02823,COUR0193,-37.8161301,145.001307,2020-06-21,03:01:58,0,1,Car,"[('pasta', 2), ('paneer burger', 1), ('waffles', 2)]",40,39.324,2891.0,7,,4.5352
ORD092853,REST0732,CUST08369,COUR0071,-37.8125613,144.9540462,2020-02-08,20:58:01,0,1,Car,"[('coffee', 2), ('waffles', 1), ('paneer burger', 2), ('burgers', 3)]",0,101.67,6003.0,14,,5.5673
ORD045191,REST0057,CUST13931,COUR2788,-37.8074457,144.9626764,2020-06-10,01:19:07,0,0,Motorbike,"[('potato twister', 3), ('cheese sandwich', 2), ('panipuri', 3), ('cheese sandwiches', 1)]",40,63.0,,1,,
ORD013652,REST0057,CUST12949,COUR4153,-37.811240600000005,144.9519554,2020-12-09,04:25:03,0,0,Bike,"[('chocolate sandwiches', 2), ('cheese sandwiches', 2), ('chocolate sandwich', 2), ('lassi', 1)]",40,67.104,1371.0,7,,3.5623
ORD348346,REST0337,CUST08772,COUR2063,-37.815577399999995,144.9823836,2020-09-14,12:23:44,1,0,Bike,"[('chicken dak bunglow', 2), ('fish cutlet', 2)]",0,67.14,3559.0,18,,6.1309
ORD026170,REST0732,CUST10857,COUR2821,-37.80062879999999,144.9683813,2020-11-10,08:38:14,0,0,Car,"[('waffles', 3), ('sandwiches', 3), ('paneer burger', 3), ('burgers', 1)]",0,170.05,4252.0,10,,4.0064
ORD269463,REST1634,CUST03928,COUR3570,-37.8220278,144.9475811,2020-06-09,18:00:00,1,0,Car,"[('ice tea', 1), ('supreme pizza', 2)]",0,36.41,3470.0,8,,5.2329
ORD236590,REST0057,CUST03592,COUR2538,-37.8254121,144.95301630000003,2020-05-24,10:01:19,0,1,Motorbike,"[('chaat', 1), ('cheese sandwiches', 1)]",0,24.0,,5,,
ORD137177,REST1136,CUST12454,COUR0361,-37.818965399999996,144.9527795,2020-12-07,08:50:06,0,0,Car,"[('beer', 3), ('mango lassi', 2)]",40,41.028,1467.0,4,,2.9702
ORD065217,REST0732,CUST06470,COUR3219,-37.8167289,144.9948716,2020-07-07,09:37:34,0,0,Car,"[('burgers', 2), ('sandwiches', 3)]",40,58.44,3071.0,7,,3.5071
ORD333465,REST0057,CUST05718,COUR2967,-37.815464399999996,144.9402939,2020-05-03,02:02:38,0,1,Bike,"[('corn sandwich', 3), ('chaat', 1), ('chocolate sandwiches', 1)]",40,62.094,2546.0,13,,5.3088
ORD034662,REST1634,CUST06632,COUR0834,-37.824672,144.9824261,2020-07-05,04:17:08,0,1,Motorbike,"[('supreme pizza', 2), ('potato wedges', 1), ('thin crust pizza', 1)]",0,50.54,1221.0,2,,4.0147
ORD329593,REST1136,CUST08638,COUR1350,-37.8014968,144.95488459999999,2020-02-06,00:51:25,0,0,Bike,"[('matka kulfi', 3), ('thandai', 3), ('mango lassi', 3), ('salads', 3)]",40,90.702,914.0,5,,3.0764
ORD160602,REST1136,CUST07940,COUR3590,-37.8129475,144.9783171,2020-03-22,20:10:32,0,1,Motorbike,"[('beer', 1), ('salads', 3), ('matka kulfi', 1), ('palak pakoda', 3)]",20,81.008,3052.0,6,,4.4236
ORD162028,REST1136,CUST11557,COUR3695,-37.8195447,144.9969251,2020-12-25,15:25:42,0,0,Motorbike,"[('beer', 3), ('lunch buffet', 1), ('palak pakoda', 1)]",10,79.911,4962.0,10,,3.4296
ORD233205,REST1136,CUST04466,COUR1810,-37.821883,144.9555575,2020-07-27,08:34:17,0,0,Motorbike,"[('thandai', 2), ('beer', 3), ('lunch buffet', 1)]",0,119.42,1731.0,3,,2.5706
ORD114787,REST1136,CUST01973,COUR1910,-37.8128014,144.9427053,2020-01-09,21:29:40,0,0,Motorbike,"[('beer', 2), ('lunch buffet', 1), ('salads', 1), ('palak pakoda', 3)]",10,97.29,1005.0,2,,2.5799
ORD010497,REST0057,CUST09314,COUR0576,-37.8183225,144.96057340000002,2020-10-25,20:46:09,0,1,Bike,"[('chocolate sandwiches', 1), ('chocolate sandwich', 1), ('panipuri', 1), ('potato twister', 1)]",0,64.79,1321.0,7,,4.5706
ORD266313,REST0732,CUST02625,COUR1532,-37.80727879999999,144.955356,2020-04-19,01:58:40,0,1,Bike,"[('salads', 3), ('waffles', 2)]",10,65.709,,30,,
ORD033566,REST0337,CUST01413,COUR3396,-37.810541799999996,144.97201840000002,2020-10-01,11:40:13,0,0,Bike,"[('alur dom', 2), ('fish finger', 2)]",40,31.356,2586.0,13,,3.8473
ORD289943,REST0057,CUST08830,COUR4733,-37.8052587,144.9615481,2020-02-15,07:07:15,0,1,Car,"[('chaat', 1), ('chilli cheese', 1), ('chocolate sandwiches', 2)]",10,55.26,,2,,
ORD175712,REST0337,CUST03910,COUR1950,-37.82141970000001,144.9454782,2020-01-04,22:40:52,0,1,Car,"[('dhokar dalna', 2), ('fish cutlet', 2)]",40,48.168,927.0,2,,3.7463
ORD022022,REST0057,CUST12526,COUR4259,-37.818741100000004,144.953228,2020-05-18,13:07:15,1,0,Car,"[('cheese sandwiches', 3), ('cheese sandwich', 1)]",40,23.586,1813.0,4,,4.7452
ORD180521,REST0732,CUST07129,COUR4037,-37.8023054,144.94253369999998,2020-05-27,07:30:59,0,0,Car,"[('waffles', 3), ('sandwiches', 2)]",0,111.5,6798.0,16,,4.2642
ORD156264,REST0057,CUST02252,COUR1715,-37.8190576,144.9640736,2020-12-22,17:16:29,0,0,Bike,"[('panipuri', 2), ('chocolate sandwich', 2)]",0,63.98,1253.0,6,,3.3407
ORD270557,REST0337,CUST04839,COUR2709,-37.808791299999996,144.9422183,2020-10-10,17:52:05,0,1,Motorbike,"[('dhokar dalna', 2), ('chicken curry', 2), ('chicken dak bunglow', 1)]",45,53.862,1673.0,3,,4.1769
ORD118485,REST0732,CUST11520,COUR0616,-37.8219641,144.99229330000003,2020-09-10,09:13:50,0,0,Motorbike,"[('sandwiches', 2), ('waffles', 1), ('paneer burger', 3)]",0,86.58,,8,,
ORD325857,REST0057,CUST13687,COUR4553,-37.8187764,144.9553333,2020-02-02,17:12:31,0,1,Car,"[('lassi', 2), ('potato twister', 2)]",40,31.32,1637.0,4,,4.5827
ORD324746,REST0732,CUST11674,COUR0626,-37.8209233,144.9881771,2020-07-08,13:46:48,1,0,Car,"[('waffles', 2), ('coffee', 1)]",0,53.63,4027.0,10,,5.4956
ORD057548,REST0337,CUST13387,COUR3089,-37.80034129999999,144.9502061,2020-10-06,13:07:15,1,0,Bike,"[('bengali pulao', 1), ('fish cutlet', 2), ('alur dom', 2), ('fish finger', 2)]",0,91.44,2015.0,10,,5.3926
ORD081074,REST0337,CUST12407,COUR4914,-37.8109126,144.9457174,2020-03-06,22:32:58,0,0,Bike,"[('chicken dak bunglow', 2), ('fish curry', 2), ('bhetki paturi', 2)]",0,75.82,730.0,4,,2.9223
ORD252689,REST1634,CUST13147,COUR1590,-37.8081377,144.9762166,2020-01-18,00:27:41,0,1,Car,"[('ice tea', 1), ('thin crust pizza', 3)]",20,69.016,1405.0,3,,4.3061
ORD115442,REST1136,CUST12690,COUR0090,-37.8033534,144.95020319999998,2020-11-18,16:25:03,0,0,Bike,"[('matka kulfi', 1), ('beer', 3), ('palak pakoda', 3)]",45,66.93,703.0,4,,2.8725
ORD174349,REST1136,CUST06318,COUR4216,-37.8065126,144.9560538,2020-09-24,09:29:40,0,0,Car,"[('mango lassi', 2), ('beer', 3), ('thandai', 2)]",0,115.26,,1,,
ORD202500,REST1634,CUST07173,COUR4185,-37.806779600000006,144.9994498,2020-06-17,14:26:22,0,0,Car,"[('pasta', 1), ('ice tea', 2), ('thin crust pizza', 1), ('farm pizza', 3)]",0,96.81,2233.0,5,,3.3732
ORD059005,REST1136,CUST07347,COUR3807,-37.8234669,144.9675701,2020-01-02,12:23:44,1,0,Motorbike,"[('mango lassi', 2), ('thandai', 2), ('beer', 1)]",0,76.98,2528.0,5,,4.7869
ORD277143,REST1634,CUST05142,COUR4072,-37.8245429,144.95288630000002,2020-01-23,06:07:54,0,0,Motorbike,"[('supreme pizza', 2), ('thin crust pizza', 2)]",0,59.24,3294.0,7,,3.5428
ORD013496,REST0732,CUST10835,COUR0145,-37.801524,144.92941240000002,2020-12-27,14:50:06,0,1,Motorbike,"[('sandwiches', 3), ('paneer burger', 1), ('coffee', 2)]",40,52.656,10574.0,21,,5.9319
ORD181448,REST0732,CUST13678,COUR1398,-37.819441499999996,144.9541739,2020-10-09,15:05:56,0,0,Motorbike,"[('coffee', 1), ('salads', 2), ('sandwiches', 2)]",10,62.577,6556.0,13,,4.1762
ORD240532,REST0732,CUST01505,COUR4348,-37.813669,144.9469793,2020-07-17,13:19:07,1,0,Motorbike,"[('sandwiches', 1), ('coffee', 2), ('pasta', 3), ('paneer burger', 1)]",20,51.4,6841.0,14,,6.0614
ORD285299,REST0732,CUST09092,COUR4359,-37.8259518,145.01228600000002,2020-10-04,02:10:32,0,1,Motorbike,"[('waffles', 1), ('sandwiches', 1)]",45,24.398,3681.0,7,,4.8035
ORD104274,REST0732,CUST00155,COUR1852,-37.811006299999995,145.005156,2020-10-07,13:23:04,1,0,Motorbike,"[('sandwiches', 1), ('paneer burger', 2), ('burgers', 1), ('coffee', 1)]",0,59.74,2048.0,4,,4.5542
ORD212070,REST1136,CUST08206,COUR3140,-37.8176326,145.0054969,2020-04-13,17:20:26,0,0,Car,"[('lunch buffet', 1), ('palak pakoda', 2)]",0,47.62,5572.0,13,,3.9725
ORD078335,REST0732,CUST11573,COUR0217,-37.8089317,144.9489188,2020-11-27,01:07:15,0,0,Bike,"[('paneer burger', 3), ('pasta', 2)]",0,33.74,6682.0,33,,6.2536
ORD026231,REST0732,CUST00202,COUR0253,-37.806842100000004,144.9542196,2020-07-25,09:37:34,0,1,Motorbike,"[('salads', 1), ('burgers', 1)]",40,15.288,,12,,
ORD262794,REST0732,CUST08864,COUR4614,-37.8174432,144.9526385,2020-05-28,03:41:32,0,0,Motorbike,"[('salads', 3), ('pasta', 3), ('waffles', 1), ('paneer burger', 1)]",0,76.76,6537.0,13,,4.1583
ORD219383,REST0337,CUST09355,COUR3104,-37.80948720000001,144.9757411,2020-06-20,03:41:32,0,1,Bike,"[('aloo posto', 1), ('chicken dak bunglow', 2)]",45,22.82,2922.0,15,,5.1433
ORD346453,REST0337,CUST11099,COUR2169,-37.808741,144.9464356,2020-12-08,17:36:15,0,0,Motorbike,"[('chicken dak bunglow', 2), ('aloo posto', 1), ('dhokar dalna', 2)]",10,80.217,945.0,2,,3.0271
ORD125108,REST0732,CUST10380,COUR2108,-37.818488099999996,144.96773969999998,2020-10-09,04:40:52,0,0,Motorbike,"[('sandwiches', 3), ('coffee', 2), ('paneer burger', 3), ('burgers', 3)]",20,120.408,5377.0,11,,3.976
ORD152677,REST0732,CUST13401,COUR4306,-37.7993409,145.0019329,2020-04-11,08:14:30,0,1,Motorbike,"[('salads', 2), ('pasta', 2), ('burgers', 3), ('coffee', 1)]",0,88.46,1558.0,3,,4.1739
ORD100204,REST1136,CUST13580,COUR4105,-37.8197324,144.94531640000002,2020-01-30,08:10:32,0,0,Car,"[('matka kulfi', 1), ('mango lassi', 3), ('palak pakoda', 3)]",10,72.639,1872.0,4,,2.7467
ORD193407,REST1136,CUST00757,COUR1290,-37.814212299999994,144.9612641,2020-08-21,19:11:12,1,0,Motorbike,"[('matka kulfi', 3), ('palak pakoda', 3), ('thandai', 2), ('beer', 1)]",0,161.33,1329.0,3,,4.5385
ORD214401,REST0337,CUST03575,COUR2549,-37.7994811,144.9740965,2020-12-11,17:28:21,0,0,Motorbike,"[('chicken curry', 1), ('fish finger', 1)]",40,20.082,3384.0,7,,3.3315
ORD021645,REST1136,CUST11223,COUR3967,-37.8028864,144.9508198,2020-05-21,08:58:01,0,0,Bike,"[('mango lassi', 3), ('beer', 2), ('palak pakoda', 3), ('thandai', 1)]",0,126.91,713.0,4,,2.8688
ORD171526,REST0057,CUST06531,COUR1353,-37.8241513,144.98365090000001,2020-12-31,13:34:56,1,0,Motorbike,"[('cheese sandwiches', 2), ('panipuri', 2), ('chocolate sandwiches', 2)]",20,76.576,,5,,
ORD091376,REST0057,CUST03692,COUR4807,-37.810982700000004,144.9542416,2020-04-22,09:45:29,0,0,Car,"[('chocolate sandwich', 3), ('corn sandwich', 3), ('cheese sandwiches', 1)]",0,129.46,,3,,
ORD117145,REST1136,CUST00903,COUR2367,-37.8272523,144.9845107,2020-09-12,05:56:02,0,1,Motorbike,"[('beer', 1), ('matka kulfi', 2)]",40,30.108,,8,,
ORD176794,REST0337,CUST06612,COUR0154,-37.8246995,144.9847221,2020-04-01,13:50:46,1,0,Bike,"[('alur dom', 2), ('bengali pulao', 1), ('fish finger', 3), ('bhetki paturi', 1)]",45,45.183,3973.0,20,,6.2902
ORD333923,REST1634,CUST07913,COUR1840,-37.8168876,144.9898293,2020-09-30,13:23:04,1,0,Car,"[('farm pizza', 2), ('supreme pizza', 2), ('ice tea', 3)]",45,51.276,474.0,1,,4.7854
ORD330995,REST0732,CUST12558,COUR1776,-37.8192399,144.9529087,2020-03-28,14:26:22,0,1,Motorbike,"[('paneer burger', 2), ('salads', 3), ('pasta', 2), ('coffee', 2)]",0,70.45,6663.0,13,,5.303
ORD173714,REST1136,CUST09540,COUR0628,-37.8162972,144.9637915,2020-01-30,04:25:03,0,0,Bike,"[('salads', 1), ('mango lassi', 3), ('thandai', 1)]",0,45.83,,9,,
ORD041420,REST0732,CUST08985,COUR1298,-37.81152410000001,144.9592206,2020-09-10,09:25:42,0,0,Car,"[('sandwiches', 2), ('salads', 2)]",40,36.876,5568.0,13,,4.3811
ORD298174,REST0732,CUST08007,COUR2188,-37.8194251,145.00825490000003,2020-05-08,11:00:39,0,0,Bike,"[('paneer burger', 3), ('waffles', 2)]",0,66.2,,13,,
ORD302820,REST0732,CUST03828,COUR4409,-37.8105531,144.9882467,2020-12-31,12:07:54,1,0,Motorbike,"[('coffee', 2), ('sandwiches', 2), ('pasta', 1), ('paneer burger', 3)]",0,86.49,3063.0,6,,5.2675
ORD260874,REST0337,CUST13133,COUR4659,-37.815327,144.9395435,2020-07-17,19:03:17,1,0,Car,"[('chicken curry', 1), ('alur dom', 3)]",0,44.06,946.0,2,,4.3699
ORD216988,REST0337,CUST12520,COUR2104,-37.818868,144.9533604,2020-07-31,07:11:12,0,0,Bike,"[('alur dom', 2), ('fish curry', 1), ('chicken curry', 1)]",40,29.484,858.0,4,,3.4383
ORD120929,REST1136,CUST13615,COUR1410,-37.8067765,144.9628773,2020-11-30,19:15:09,1,0,Motorbike,"[('mango lassi', 3), ('lunch buffet', 2), ('beer', 1)]",45,36.201,1196.0,2,,4.8092
ORD272588,REST0057,CUST07983,COUR0852,-37.8233696,144.9847968,2020-06-18,21:09:53,0,0,Bike,"[('cheese sandwiches', 1), ('corn sandwich', 3)]",0,80.29,2617.0,13,,4.0555
ORD141482,REST1136,CUST13704,COUR3987,-37.817454600000005,144.9601718,2020-06-08,21:25:42,0,0,Car,"[('thandai', 1), ('palak pakoda', 2)]",20,44.752,,3,,
ORD097286,REST0732,CUST12107,COUR3019,-37.823886200000004,145.01031719999997,2020-10-17,00:15:49,0,1,Motorbike,"[('waffles', 3), ('paneer burger', 2), ('coffee', 1), ('pasta', 3)]",0,109.82,,7,,
ORD307651,REST1136,CUST11296,COUR2762,-37.817113799999994,144.95346990000002,2020-04-20,15:13:50,0,0,Motorbike,"[('palak pakoda', 2), ('salads', 3)]",45,27.693,,2,,
ORD120686,REST0732,CUST06022,COUR3089,-37.8051653,144.9366579,2020-12-26,19:34:56,1,1,Bike,"[('burgers', 1), ('coffee', 2), ('paneer burger', 2)]",0,46.23,,38,,
ORD217181,REST0732,CUST04612,COUR1194,-37.8080941,144.9429491,2020-03-08,06:15:49,0,1,Bike,"[('pasta', 1), ('sandwiches', 3), ('waffles', 2)]",0,116.85,7204.0,36,,7.555
ORD202126,REST0337,CUST05246,COUR3863,-37.8189792,144.96254580000002,2020-11-01,12:07:54,1,1,Motorbike,"[('fish finger', 2), ('chicken dak bunglow', 3), ('bhetki paturi', 1)]",0,92.05,1777.0,4,,5.587
ORD349482,REST0337,CUST13373,COUR2414,-37.8174578,144.9527271,2020-04-28,22:01:19,0,0,Motorbike,"[('bhetki paturi', 2), ('chicken curry', 2)]",40,27.504,671.0,1,,2.7633
ORD166659,REST0057,CUST12678,COUR2663,-37.805576200000004,144.94914709999998,2020-03-19,15:57:21,0,0,Motorbike,"[('chocolate sandwich', 3), ('potato twister', 1), ('cheese sandwiches', 3), ('chocolate sandwiches', 2)]",0,136.27,1817.0,4,,3.2836
ORD022272,REST1136,CUST10991,COUR4056,-37.808570700000004,144.9612186,2020-05-09,21:45:29,0,1,Car,"[('palak pakoda', 2), ('beer', 2), ('lunch buffet', 3)]",20,92.912,1098.0,3,,3.8052
ORD235781,REST0732,CUST06215,COUR0369,-37.8137364,144.936811,2020-03-25,10:01:19,0,0,Bike,"[('salads', 1), ('sandwiches', 1), ('burgers', 3)]",45,43.846,7945.0,40,,6.7575
ORD306124,REST0057,CUST05064,COUR2953,-37.8201951,144.9578413,2020-11-30,10:25:03,0,0,Motorbike,"[('cheese sandwiches', 3), ('lassi', 1), ('panipuri', 1)]",0,63.2,1718.0,3,,3.287
ORD164218,REST0337,CUST05811,COUR3532,-37.814918299999995,144.9827526,2020-09-11,06:19:46,0,0,Bike,"[('chicken dak bunglow', 1), ('chicken curry', 3)]",45,36.746,3595.0,18,,4.2552
ORD096430,REST1634,CUST01002,COUR3821,-37.8035375,144.93632680000002,2020-10-30,01:50:46,0,0,Motorbike,"[('potato wedges', 1), ('thin crust pizza', 2), ('farm pizza', 1)]",0,64.36,,11,,
ORD076228,REST1136,CUST05088,COUR3059,-37.8214251,144.9540041,2020-04-09,04:25:03,0,0,Car,"[('matka kulfi', 3), ('beer', 2)]",0,84.84,,4,,
ORD306898,REST0732,CUST07867,COUR3443,-37.8161105,144.98260990000003,2020-12-14,17:12:31,0,0,Motorbike,"[('paneer burger', 2), ('sandwiches', 1)]",40,21.204,,8,,
