order_id,restaurant_id,customer_id,carrier_id,customer_lat,customer_lon,date,time,is_peak_time,is_weekend,carrier_vehicle,shopping_cart,coupon_discount,order_price,shortest_distance_to_customer,travel_time_minutes,delivery_charges
ORD282385,REST1136,CUST13479,COUR0478,-37.8071968,144.9452116,2020-11-27,16:44:50,0,0,Car,"[('palak pakoda', 2), ('salads', 3)]",20,40.28,810,2,2.5545
ORD170374,REST1634,CUST08100,COUR1219,-37.8189706,145.0025804,2020-05-11,06:27:41,0,0,Car,"[('thin crust pizza', 2), ('supreme pizza', 3)]",45,36.872,1634,4,3.1997
ORD108131,REST1136,CUST12753,COUR3658,-37.8164601,144.9283916,2020-03-11,23:44:10,0,0,Motorbike,"[('matka kulfi', 1), ('thandai', 2), ('lunch buffet', 3), ('beer', 3)]",0,165.18,3256,7,3.4059
ORD266595,REST0732,CUST06024,COUR3461,-37.80467279999999,144.9365014,2020-02-03,05:40:13,0,0,Motorbike,"[('paneer burger', 2), ('salads', 2), ('pasta', 2), ('sandwiches', 1)]",40,40.044000000000004,7614,15,4.3132
ORD258494,REST1634,CUST06902,COUR1449,-37.8041779,144.95850330000005,2020-04-18,00:39:33,0,1,Motorbike,"[('thin crust pizza', 2), ('ice tea', 2), ('potato wedges', 2)]",0,111.5,3061,6,4.9101
ORD058998,REST1136,CUST13446,COUR0377,-37.8253837,144.9815371,2020-06-25,17:28:21,0,0,Car,"[('thandai', 3), ('beer', 3), ('matka kulfi', 2), ('mango lassi', 2)]",0,169.74,4082,10,3.7191
ORD111000,REST0337,CUST05508,COUR4323,-37.8143356,144.9615681,2020-01-10,00:31:38,0,0,Bike,"[('bhetki paturi', 1), ('chicken curry', 1), ('fish curry', 2)]",40,30.864,1489,7,3.7186
ORD293511,REST0337,CUST11332,COUR3796,-37.8254649,144.957204,2020-03-13,22:40:52,0,0,Car,"[('fish finger', 1), ('fish curry', 3)]",45,32.852,1637,4,3.2659
ORD031943,REST1136,CUST00606,COUR4412,-37.8149767,144.94132439999996,2020-11-05,06:19:46,0,0,Car,"[('palak pakoda', 1), ('matka kulfi', 3)]",0,62.81,1375,3,3.2701
ORD221217,REST0057,CUST03152,COUR4502,-37.8070036,144.96958759999995,2020-06-18,05:12:31,0,0,Motorbike,"[('chocolate sandwich', 2), ('cheese sandwiches', 3), ('chilli cheese', 1), ('lassi', 2)]",40,60.516000000000005,700,1,2.4664
ORD295186,REST0732,CUST01764,COUR1617,-37.8086179,144.97099619999997,2020-01-26,01:23:04,0,1,Car,"[('sandwiches', 1), ('pasta', 2)]",0,34.68,4481,11,5.4949
ORD218669,REST0057,CUST01811,COUR3747,-37.7997629,144.96351830000003,2020-08-17,08:30:19,0,0,Bike,"[('chocolate sandwiches', 3), ('chilli cheese', 1), ('panipuri', 3), ('chocolate sandwich', 3)]",20,132.504,1404,7,3.1717
ORD027142,REST1634,CUST12702,COUR2371,-37.80352360000001,144.9498862,2020-12-28,19:50:46,1,0,Motorbike,"[('supreme pizza', 3), ('ice tea', 3), ('farm pizza', 3), ('pasta', 2)]",45,71.374,3881,8,5.2762
ORD330764,REST0057,CUST06747,COUR2503,-37.8080452,144.97335880000003,2020-02-23,09:01:58,0,1,Bike,"[('corn sandwich', 1), ('panipuri', 2), ('chilli cheese', 3), ('chocolate sandwich', 1)]",45,48.675,874,4,4.2546
ORD048149,REST0057,CUST02657,COUR3790,-37.806056,144.96766519999997,2020-12-04,09:41:32,0,0,Motorbike,"[('corn sandwich', 2), ('chocolate sandwich', 1)]",0,62.57,721,1,3.1013
ORD185697,REST1634,CUST04000,COUR0962,-37.8244158,144.94448219999995,2020-07-17,22:52:44,0,0,Car,"[('thin crust pizza', 1), ('pasta', 3)]",45,29.441999999999997,3959,10,4.0659
ORD281485,REST1634,CUST00861,COUR4257,-37.8194451,144.97172709999995,2020-10-24,13:46:48,1,1,Car,"[('potato wedges', 3), ('farm pizza', 3), ('thin crust pizza', 1)]",0,83.98,1930,5,6.2496
ORD097490,REST0732,CUST10048,COUR0372,-37.8220233,144.9539584,2020-04-26,04:36:55,0,1,Car,"[('burgers', 2), ('sandwiches', 1), ('salads', 3)]",0,81.69,6589,16,5.7469
ORD124978,REST0337,CUST11045,COUR3061,-37.8080208,144.9530574,2020-03-22,12:55:23,1,1,Bike,"[('bhetki paturi', 3), ('chicken curry', 2)]",40,31.344,1312,7,6.0812
ORD055127,REST0732,CUST13747,COUR1674,-37.8188878,144.9538868,2020-07-02,22:05:16,0,0,Bike,"[('burgers', 2), ('salads', 1), ('paneer burger', 1), ('sandwiches', 1)]",45,38.648,6553,33,6.3020000000000005
ORD172607,REST1136,CUST06060,COUR4981,-37.8061921,144.9417903,2020-01-07,21:17:48,0,0,Motorbike,"[('thandai', 2), ('palak pakoda', 1), ('lunch buffet', 2), ('beer', 2)]",20,105.32,1099,2,3.0635
ORD284514,REST0337,CUST08783,COUR0705,-37.8026378,144.94546259999996,2020-03-27,08:58:01,0,0,Car,"[('fish curry', 2), ('chicken dak bunglow', 1), ('fish finger', 3)]",45,53.141000000000005,1644,4,3.1523
ORD144561,REST1136,CUST04797,COUR4162,-37.8048107,144.9281335,2020-10-21,01:58:40,0,0,Car,"[('mango lassi', 1), ('thandai', 2), ('palak pakoda', 2), ('matka kulfi', 3)]",20,105.13600000000001,2337,6,3.1919999999999997
ORD105595,REST0337,CUST02811,COUR4014,-37.8102031,144.9937946,2020-01-24,11:04:36,0,0,Motorbike,"[('fish finger', 2), ('fish curry', 2), ('bengali pulao', 3)]",0,82.04,4476,9,5.4982500000000005
ORD325947,REST0337,CUST07817,COUR4775,-37.8093139,145.0194308,2020-04-05,17:00:39,0,1,Car,"[('bhetki paturi', 2), ('fish curry', 2)]",10,37.188,6964,17,5.8243
ORD226269,REST1634,CUST05269,COUR2347,-37.8177366,144.9669261,2020-10-18,03:17:48,0,1,Car,"[('potato wedges', 2), ('thin crust pizza', 3), ('ice tea', 2)]",40,79.992,1626,4,4.565
ORD121079,REST0337,CUST05815,COUR0647,-37.8141514,144.9775317,2020-04-10,19:54:43,1,0,Car,"[('fish cutlet', 1), ('dhokar dalna', 3), ('bengali pulao', 3), ('alur dom', 2)]",0,125.76,3107,7,4.9513
ORD263998,REST1634,CUST09817,COUR1674,-37.8134999,144.9655868,2020-12-26,07:34:56,0,1,Bike,"[('supreme pizza', 1), ('thin crust pizza', 2)]",10,46.29600000000001,1948,10,5.015
ORD292733,REST0337,CUST09503,COUR4801,-37.8027946,144.98359519999997,2020-01-26,21:49:27,0,1,Car,"[('chicken dak bunglow', 1), ('fish cutlet', 2), ('fish curry', 2), ('alur dom', 2)]",0,96.77,3913,9,4.8895
ORD143502,REST1136,CUST05771,COUR2843,-37.8118048,144.9444107,2020-10-24,10:13:11,0,1,Motorbike,"[('palak pakoda', 1), ('matka kulfi', 2), ('thandai', 2), ('lunch buffet', 1)]",0,109.29,2118,4,4.0551
ORD161108,REST1136,CUST08251,COUR0726,-37.8205984,144.9572453,2020-02-23,08:34:17,0,1,Motorbike,"[('beer', 2), ('thandai', 1)]",45,33.946,1598,3,4.0843
ORD071818,REST0057,CUST05731,COUR3161,-37.8177655,144.9469248,2020-03-01,03:37:34,0,1,Car,"[('chilli cheese', 1), ('cheese sandwiches', 3), ('chaat', 3)]",45,42.867,2262,5,4.7495
ORD335327,REST1136,CUST01484,COUR4061,-37.7993749,144.9602387,2020-07-16,00:23:44,0,0,Motorbike,"[('mango lassi', 2), ('beer', 3)]",20,54.70399999999999,1701,3,2.9059
ORD231275,REST0337,CUST04427,COUR0415,-37.8250284,144.9452845,2020-10-24,19:23:04,1,1,Bike,"[('chicken curry', 2), ('aloo posto', 2), ('dhokar dalna', 3), ('fish curry', 2)]",45,80.85,1434,7,5.9574
ORD325392,REST1136,CUST05410,COUR4206,-37.8153395,144.9653219,2020-08-03,11:20:26,0,0,Motorbike,"[('salads', 3), ('matka kulfi', 1), ('beer', 3)]",10,81.711,1880,4,2.8865
ORD042380,REST0732,CUST02581,COUR4174,-37.8031229,144.9616008,2020-03-16,04:21:05,0,0,Motorbike,"[('waffles', 1), ('pasta', 1)]",0,29.33,5073,10,3.7669
ORD240610,REST0337,CUST01110,COUR2256,-37.810443,145.01088380000004,2020-05-01,17:44:10,0,0,Bike,"[('bhetki paturi', 3), ('fish curry', 2), ('bengali pulao', 2), ('alur dom', 1)]",20,55.983999999999995,6398,32,5.7909
ORD258450,REST1634,CUST00334,COUR4705,-37.8193841,144.9894776,2020-05-05,21:53:24,0,0,Bike,"[('ice tea', 1), ('pasta', 1)]",0,31.38,678,3,3.1096
ORD239308,REST0732,CUST05500,COUR2514,-37.8153878,144.9632926,2020-05-24,22:13:11,0,1,Motorbike,"[('salads', 1), ('coffee', 1), ('pasta', 2)]",45,16.676,5767,12,4.8943
ORD055583,REST0732,CUST11605,COUR2343,-37.8103934,144.96426619999997,2020-12-15,10:36:55,0,0,Car,"[('coffee', 1), ('burgers', 2)]",10,36.657,5135,12,4.1115
ORD261505,REST1634,CUST03168,COUR2696,-37.8070567,144.985559,2020-02-21,14:34:17,0,0,Motorbike,"[('potato wedges', 3), ('pasta', 3)]",45,39.088,1220,2,2.9261
ORD202405,REST0337,CUST06852,COUR3333,-37.8058989,144.9559991,2020-01-07,22:25:03,0,0,Motorbike,"[('bhetki paturi', 2), ('alur dom', 2)]",0,31.16,1592,3,3.283
ORD301302,REST0732,CUST11897,COUR3001,-37.8182522,145.001559,2020-11-05,16:01:19,0,0,Motorbike,"[('pasta', 2), ('sandwiches', 3), ('coffee', 2)]",0,93.98,3071,6,3.7068
ORD074250,REST0337,CUST04432,COUR2584,-37.8244795,144.9434911,2020-08-14,10:01:19,0,0,Motorbike,"[('fish cutlet', 3), ('bhetki paturi', 1)]",0,55.36,1579,3,3.1593
ORD272978,REST1634,CUST06324,COUR1036,-37.8067011,144.9560165,2020-05-26,22:52:44,0,0,Car,"[('potato wedges', 1), ('ice tea', 2), ('farm pizza', 3)]",45,42.647,3201,8,3.7418
ORD292994,REST0337,CUST04884,COUR3601,-37.8222191,144.9832175,2020-01-07,13:27:01,1,0,Car,"[('dhokar dalna', 3), ('fish finger', 1), ('fish curry', 2)]",10,105.23700000000001,3749,9,5.2958
ORD319117,REST0057,CUST09576,COUR4072,-37.808604,144.954759,2020-07-10,04:13:11,0,0,Motorbike,"[('chaat', 3), ('corn sandwich', 2), ('chocolate sandwich', 3), ('chocolate sandwiches', 1)]",0,155.53,1227,2,2.8477
ORD329460,REST1634,CUST11355,COUR1416,-37.8095847,144.9639966,2020-03-12,15:17:48,0,0,Motorbike,"[('supreme pizza', 1), ('pasta', 1), ('ice tea', 2), ('farm pizza', 1)]",0,67.59,2383,5,3.8569
ORD261000,REST0337,CUST02969,COUR3133,-37.7993128,144.98776740000002,2020-08-31,05:28:21,0,0,Bike,"[('fish curry', 2), ('chicken curry', 3), ('bhetki paturi', 1)]",0,84.48,4649,23,5.2147
ORD159777,REST0337,CUST11957,COUR1024,-37.8204228,144.9909987,2020-12-17,00:59:20,0,0,Car,"[('aloo posto', 3), ('alur dom', 3)]",45,26.680999999999997,4284,10,3.7693
ORD147048,REST1634,CUST11898,COUR0027,-37.81822070000001,145.00144430000003,2020-03-22,12:03:57,1,1,Motorbike,"[('pasta', 3), ('potato wedges', 3), ('supreme pizza', 2), ('ice tea', 2)]",0,128.29,1593,3,5.7802
ORD339124,REST1634,CUST06055,COUR0676,-37.80552470000001,144.94107380000003,2020-07-09,04:21:05,0,0,Car,"[('ice tea', 1), ('farm pizza', 2), ('pasta', 2)]",40,34.29,4607,11,3.8689
ORD045963,REST0732,CUST13538,COUR1235,-37.8013766,144.9743451,2020-11-01,14:14:30,0,1,Car,"[('pasta', 2), ('paneer burger', 3), ('salads', 3), ('coffee', 1)]",0,69.26,3690,9,4.635
ORD105277,REST1634,CUST04924,COUR2844,-37.81518320000001,144.9713804,2020-10-01,23:20:26,0,0,Motorbike,"[('ice tea', 3), ('supreme pizza', 3), ('farm pizza', 2)]",40,60.618,1241,2,3.3989
ORD308731,REST0732,CUST03109,COUR1885,-37.8140393,144.9856987,2020-06-25,18:39:33,1,0,Car,"[('coffee', 3), ('sandwiches', 3)]",0,88.95,3588,9,5.3357
ORD311754,REST0337,CUST10131,COUR0301,-37.80768610000001,144.9593939,2020-03-25,06:03:57,0,0,Bike,"[('dhokar dalna', 2), ('bengali pulao', 3)]",10,60.534,1721,9,3.5661
ORD291248,REST1136,CUST09617,COUR3075,-37.8236288,144.9431858,2020-06-03,11:24:23,0,0,Car,"[('mango lassi', 3), ('matka kulfi', 1), ('beer', 2), ('thandai', 1)]",45,51.523999999999994,2810,7,3.4696
ORD031545,REST1136,CUST05371,COUR1717,-37.8111151,144.96643630000003,2020-04-14,03:17:48,0,0,Motorbike,"[('thandai', 2), ('matka kulfi', 1), ('salads', 1)]",10,61.515,1708,3,2.9767
ORD002724,REST0337,CUST10731,COUR4404,-37.8118976,144.9866869,2020-12-23,00:55:23,0,0,Car,"[('fish curry', 1), ('chicken curry', 3), ('bengali pulao', 1), ('dhokar dalna', 1)]",45,51.799,3972,10,3.8704
ORD084490,REST0057,CUST09381,COUR1768,-37.8070898,144.9599543,2020-07-26,18:55:23,1,1,Motorbike,"[('lassi', 3), ('cheese sandwich', 3), ('corn sandwich', 1), ('chocolate sandwiches', 3)]",20,119.344,814,2,8.0124
ORD038144,REST0337,CUST12243,COUR4650,-37.8085158,144.947123,2020-04-16,08:30:19,0,0,Bike,"[('fish finger', 2), ('alur dom', 1), ('bhetki paturi', 1)]",45,27.214000000000002,1154,6,2.9336
ORD070418,REST0057,CUST08677,COUR0142,-37.8030895,144.9620835,2020-04-08,11:44:10,0,0,Motorbike,"[('corn sandwich', 2), ('panipuri', 1), ('cheese sandwich', 1), ('chaat', 2)]",10,84.59100000000001,1059,2,2.9657
ORD130574,REST0732,CUST11440,COUR2053,-37.8046514,144.9377347,2020-05-26,20:54:03,0,0,Motorbike,"[('sandwiches', 1), ('waffles', 3), ('pasta', 1), ('burgers', 2)]",0,129.13,7816,16,4.2462
ORD019377,REST0057,CUST06647,COUR3323,-37.8241367,144.9848488,2020-11-19,16:44:50,0,0,Motorbike,"[('chocolate sandwich', 2), ('cheese sandwiches', 3), ('potato twister', 3), ('panipuri', 3)]",0,147.32,2596,5,3.0608
ORD021480,REST0057,CUST05530,COUR1931,-37.8183799,144.96134540000003,2020-05-13,00:07:54,0,0,Bike,"[('cheese sandwich', 2), ('panipuri', 3), ('potato twister', 3)]",10,84.58200000000001,1459,7,3.6263
ORD007257,REST0057,CUST01470,COUR2482,-37.814807,144.9726604,2020-11-08,05:36:15,0,1,Motorbike,"[('chaat', 3), ('chocolate sandwiches', 3), ('lassi', 2), ('panipuri', 2)]",40,97.764,1049,2,4.1681
ORD348302,REST0337,CUST13689,COUR1932,-37.8186429,144.9553319,2020-05-19,11:20:26,0,0,Car,"[('dhokar dalna', 1), ('fish finger', 2), ('fish curry', 1)]",0,71.98,977,2,3.1335
ORD066493,REST0337,CUST11577,COUR0410,-37.8182669,145.0005497,2020-01-08,19:46:48,1,0,Car,"[('aloo posto', 1), ('chicken curry', 3)]",0,56.55,5183,12,5.5837
ORD155897,REST1136,CUST02375,COUR0281,-37.82233239999999,144.9553418,2020-03-07,13:27:01,1,1,Bike,"[('mango lassi', 2), ('salads', 3)]",0,28.81,1867,9,6.2018
ORD097268,REST1634,CUST09350,COUR3319,-37.80822420000001,144.97598259999995,2020-06-16,20:50:06,0,0,Car,"[('farm pizza', 1), ('potato wedges', 3), ('supreme pizza', 3)]",45,38.698,1409,3,3.218
ORD103686,REST0337,CUST06005,COUR3057,-37.8131879,144.9903765,2020-02-29,03:37:34,0,1,Car,"[('chicken curry', 2), ('fish finger', 2), ('aloo posto', 3)]",0,87.91,4427,11,5.0723
ORD333983,REST0337,CUST00066,COUR0701,-37.80034860000001,144.97813100000005,2020-01-06,11:16:29,0,0,Bike,"[('fish finger', 2), ('aloo posto', 3), ('dhokar dalna', 2), ('chicken curry', 2)]",10,121.995,3649,18,4.7608
ORD325292,REST0057,CUST01030,COUR3454,-37.8063815,144.937708,2020-05-21,16:48:47,0,0,Car,"[('chilli cheese', 1), ('cheese sandwich', 3), ('corn sandwich', 3), ('cheese sandwiches', 3)]",0,127.02,3000,7,3.3448
ORD316860,REST1136,CUST02611,COUR0711,-37.8098433,144.96166269999995,2020-10-29,19:46:48,1,0,Car,"[('salads', 2), ('matka kulfi', 3), ('palak pakoda', 2)]",0,90.96,1138,3,4.4669
ORD344149,REST0337,CUST11362,COUR2767,-37.8122868,144.962027,2020-11-25,20:06:35,0,0,Car,"[('bhetki paturi', 1), ('aloo posto', 3)]",40,16.422,1655,4,3.2115
ORD296403,REST0337,CUST10472,COUR1648,-37.8224086,144.9978607,2020-05-14,22:40:52,0,0,Car,"[('dhokar dalna', 1), ('alur dom', 1)]",0,33.0,5016,12,3.9136
ORD248127,REST1634,CUST01277,COUR3471,-37.8042151,144.9748386,2020-01-26,15:05:56,0,1,Car,"[('ice tea', 1), ('supreme pizza', 3)]",0,44.21,1998,5,4.1168
ORD329046,REST0337,CUST08374,COUR1774,-37.8124223,144.9539704,2020-09-04,12:23:44,1,0,Bike,"[('bengali pulao', 1), ('fish finger', 2), ('fish curry', 1)]",20,43.76,791,4,4.7065
ORD245484,REST1634,CUST05241,COUR1235,-37.8192236,144.9611303,2020-12-19,01:27:01,0,1,Car,"[('pasta', 2), ('supreme pizza', 1)]",20,23.151999999999997,2167,5,4.5811
ORD035929,REST0732,CUST03617,COUR1837,-37.82026060000001,144.96954430000005,2020-02-15,23:40:13,0,1,Motorbike,"[('sandwiches', 2), ('salads', 2), ('waffles', 2), ('pasta', 3)]",0,126.67,5558,11,4.8212
ORD145819,REST0057,CUST12480,COUR2935,-37.8191831,144.951869,2020-10-02,10:25:03,0,0,Motorbike,"[('corn sandwich', 2), ('potato twister', 3), ('lassi', 3)]",0,124.48,1954,4,3.0539
ORD125939,REST1634,CUST12598,COUR2781,-37.803495700000006,144.94973430000005,2020-01-08,19:19:07,1,0,Motorbike,"[('supreme pizza', 1), ('thin crust pizza', 3)]",0,73.26,3880,8,5.6770000000000005
ORD089932,REST1634,CUST13065,COUR0046,-37.8129188,144.9693111,2020-03-11,16:21:05,0,0,Car,"[('ice tea', 2), ('supreme pizza', 3)]",20,52.016000000000005,1639,4,3.3657
ORD054217,REST0337,CUST02836,COUR0113,-37.8200099,144.9989177,2020-11-12,20:50:06,0,0,Motorbike,"[('fish curry', 3), ('dhokar dalna', 1), ('fish cutlet', 3)]",20,92.448,5161,10,3.7176
ORD115262,REST0057,CUST04321,COUR3214,-37.8161385,144.97247030000003,2020-05-17,07:27:01,0,1,Bike,"[('cheese sandwich', 1), ('chaat', 1), ('chocolate sandwiches', 1)]",40,24.281999999999996,1128,6,4.3239
ORD186709,REST0337,CUST09823,COUR4843,-37.815448,144.96657030000003,2020-06-29,21:21:45,0,0,Bike,"[('alur dom', 1), ('bengali pulao', 2), ('fish curry', 3), ('dhokar dalna', 2)]",0,112.68,2011,10,3.6829
ORD091450,REST1136,CUST03891,COUR3186,-37.8181093,144.9469292,2020-09-13,18:11:52,1,1,Bike,"[('thandai', 3), ('mango lassi', 1), ('salads', 1)]",10,73.575,1630,8,5.6054
ORD101163,REST0057,CUST05720,COUR2331,-37.814045,144.93963430000005,2020-08-08,06:43:30,0,1,Bike,"[('lassi', 1), ('cheese sandwich', 1), ('chaat', 3)]",0,59.73,2574,13,4.989
ORD231093,REST0337,CUST13844,COUR0903,-37.8171566,144.9646434,2020-07-22,06:27:41,0,0,Motorbike,"[('chicken curry', 2), ('aloo posto', 2), ('dhokar dalna', 2)]",10,85.194,1914,4,3.077
ORD288471,REST1634,CUST08475,COUR1195,-37.8247574,144.989452,2020-10-10,16:09:13,0,1,Car,"[('thin crust pizza', 3), ('pasta', 2)]",0,86.6,1195,3,4.5179
ORD182789,REST0337,CUST11131,COUR2772,-37.8083698,144.94500469999997,2020-05-04,06:43:30,0,0,Bike,"[('alur dom', 1), ('dhokar dalna', 3)]",45,44.352,979,5,3.4612
ORD105999,REST0732,CUST07297,COUR0879,-37.8196627,144.95202619999995,2020-12-05,02:30:19,0,1,Car,"[('coffee', 2), ('pasta', 1), ('burgers', 3), ('paneer burger', 1)]",20,62.848,6712,16,8.1564
ORD002966,REST0732,CUST06422,COUR2001,-37.8036107,145.00576930000003,2020-08-17,04:36:55,0,0,Bike,"[('coffee', 1), ('burgers', 2), ('waffles', 3), ('sandwiches', 3)]",0,173.81,1451,7,3.6306
ORD054229,REST0732,CUST08540,COUR0487,-37.8206179,144.9791298,2020-05-05,23:32:18,0,0,Bike,"[('pasta', 1), ('paneer burger', 2), ('salads', 2), ('sandwiches', 1)]",0,60.19,5045,25,5.3588
ORD176774,REST0337,CUST01574,COUR4277,-37.8253545,144.99510580000003,2020-10-29,06:19:46,0,0,Bike,"[('dhokar dalna', 2), ('aloo posto', 2), ('bengali pulao', 2), ('chicken dak bunglow', 3)]",20,101.16,4771,24,5.0222
ORD319302,REST0732,CUST12804,COUR1364,-37.8013501,144.937552,2020-01-29,09:25:42,0,0,Motorbike,"[('salads', 2), ('pasta', 3), ('sandwiches', 2)]",45,44.61,8949,18,4.9824
ORD010458,REST0057,CUST03227,COUR4314,-37.8161912,144.9459981,2020-06-20,20:14:30,0,1,Motorbike,"[('cheese sandwich', 2), ('chocolate sandwich', 2), ('chilli cheese', 3)]",20,50.48,2044,4,4.3783
ORD209455,REST0057,CUST01109,COUR2373,-37.8104578,145.0115275,2020-11-19,03:57:21,0,0,Bike,"[('chilli cheese', 1), ('chocolate sandwiches', 3)]",0,69.66,4729,24,2.66375
ORD326460,REST0337,CUST08174,COUR4808,-37.8167964,145.00726830000005,2020-04-29,20:22:25,0,0,Bike,"[('chicken curry', 1), ('bhetki paturi', 2), ('dhokar dalna', 1)]",10,47.826,5902,30,5.5994
ORD238566,REST0057,CUST03178,COUR1950,-37.8225748,144.95451119999996,2020-06-17,05:00:39,0,0,Car,"[('cheese sandwiches', 2), ('chocolate sandwich', 2)]",0,54.82,2207,5,3.3361
ORD345573,REST1136,CUST12461,COUR0347,-37.8188804,144.9530751,2020-07-11,18:27:41,1,1,Motorbike,"[('mango lassi', 1), ('matka kulfi', 1)]",0,21.0,1448,3,5.3398
ORD223084,REST1136,CUST09278,COUR4780,-37.8128209,144.9680257,2020-02-04,13:46:48,1,0,Motorbike,"[('salads', 1), ('mango lassi', 1)]",0,11.43,1978,4,4.7858
ORD219191,REST1634,CUST06823,COUR4188,-37.8021231,144.96985990000005,2020-07-20,06:07:54,0,0,Bike,"[('potato wedges', 2), ('ice tea', 1)]",0,47.05,2486,12,4.3277
ORD343869,REST1136,CUST06132,COUR2008,-37.8065571,144.9579459,2020-04-24,23:40:13,0,0,Bike,"[('thandai', 3), ('mango lassi', 2), ('salads', 3)]",20,79.304,926,5,2.9878
ORD114442,REST0337,CUST01389,COUR0043,-37.8107604,144.96481630000005,2020-09-24,19:50:46,1,0,Motorbike,"[('fish finger', 2), ('aloo posto', 1), ('chicken dak bunglow', 3)]",0,92.64,1871,4,4.3835
ORD332147,REST1136,CUST06392,COUR4616,-37.8164251,144.94587109999995,2020-03-07,00:27:41,0,1,Car,"[('thandai', 2), ('palak pakoda', 3), ('lunch buffet', 2)]",0,125.87,1413,3,4.0016
ORD222091,REST1634,CUST12654,COUR1910,-37.8035343,144.9499883,2020-09-20,20:14:30,0,1,Motorbike,"[('pasta', 2), ('supreme pizza', 2), ('farm pizza', 2), ('ice tea', 2)]",0,93.56,3891,8,5.0903
ORD066418,REST1136,CUST03900,COUR1209,-37.8178428,144.9469395,2020-02-15,09:41:32,0,1,Motorbike,"[('beer', 3), ('thandai', 2), ('matka kulfi', 3), ('lunch buffet', 3)]",20,156.976,1595,3,3.8457
ORD044959,REST1634,CUST05902,COUR0270,-37.825245,144.96819169999995,2020-11-25,08:50:06,0,0,Bike,"[('ice tea', 3), ('farm pizza', 3), ('supreme pizza', 3), ('potato wedges', 3)]",0,147.99,2278,11,4.1466
ORD241495,REST0732,CUST07216,COUR2685,-37.8102268,144.9708867,2020-01-23,06:39:33,0,0,Car,"[('sandwiches', 1), ('pasta', 3)]",20,32.984,4629,11,4.2355
ORD212054,REST1136,CUST06042,COUR2339,-37.8079515,144.9459438,2020-04-25,12:39:33,1,1,Car,"[('matka kulfi', 1), ('salads', 2), ('beer', 2)]",20,52.56,678,2,5.4164
ORD211340,REST1634,CUST13793,COUR1370,-37.8100262,144.9695131,2020-04-02,14:54:03,0,0,Motorbike,"[('ice tea', 3), ('thin crust pizza', 1), ('supreme pizza', 3)]",0,107.65,1785,4,3.2979
ORD273048,REST0337,CUST01329,COUR3483,-37.8240071,144.93446469999995,2020-02-22,14:22:25,0,1,Bike,"[('fish cutlet', 1), ('chicken dak bunglow', 1)]",45,18.464000000000002,2524,13,5.189
ORD298729,REST0732,CUST05541,COUR2740,-37.8198852,144.95773369999995,2020-08-25,01:42:51,0,0,Bike,"[('burgers', 3), ('pasta', 2), ('coffee', 2)]",0,78.23,6177,31,5.9339
ORD003938,REST1634,CUST06472,COUR4130,-37.8149539,144.9917731,2020-12-18,07:34:56,0,0,Motorbike,"[('pasta', 3), ('thin crust pizza', 2), ('supreme pizza', 3), ('ice tea', 1)]",0,119.56,832,2,3.4205
ORD154204,REST0057,CUST04098,COUR2253,-37.8187574,144.9831919,2020-09-19,23:20:26,0,1,Motorbike,"[('lassi', 1), ('corn sandwich', 2), ('potato twister', 3), ('chaat', 2)]",0,121.36,2269,5,2.12105
ORD081856,REST0732,CUST09049,COUR0774,-37.8119639,144.94564119999995,2020-10-03,11:32:18,0,1,Bike,"[('waffles', 1), ('pasta', 2), ('salads', 2), ('sandwiches', 1)]",20,60.608000000000004,7013,35,7.5903
ORD138674,REST0057,CUST00273,COUR3768,-37.8194059,144.9714696,2020-01-04,06:11:52,0,1,Bike,"[('cheese sandwiches', 2), ('chaat', 2), ('potato twister', 2), ('corn sandwich', 1)]",10,84.789,2109,11,4.7435
ORD064429,REST1136,CUST06492,COUR3757,-37.82566720000001,144.9828436,2020-08-26,11:24:23,0,0,Bike,"[('lunch buffet', 2), ('mango lassi', 2), ('matka kulfi', 2)]",0,72.24,4107,21,4.3292
ORD115607,REST1136,CUST00197,COUR1839,-37.8051543,144.96910480000003,2020-12-01,17:20:26,0,0,Motorbike,"[('salads', 1), ('mango lassi', 1)]",45,6.2860000000000005,1913,4,3.1972
ORD213611,REST0057,CUST10936,COUR4836,-37.80492,144.9636841,2020-06-20,06:47:28,0,1,Motorbike,"[('potato twister', 1), ('corn sandwich', 2), ('cheese sandwiches', 1)]",0,68.76,801,2,3.6807
ORD223273,REST1634,CUST09433,COUR3820,-37.8226194,144.95563,2020-03-25,04:13:11,0,0,Bike,"[('pasta', 1), ('thin crust pizza', 3)]",0,76.03,2849,14,4.5298
ORD327167,REST0337,CUST00157,COUR0565,-37.810795,145.0029751,2020-02-13,10:09:13,0,0,Motorbike,"[('fish cutlet', 1), ('chicken dak bunglow', 2), ('aloo posto', 1), ('bhetki paturi', 3)]",0,77.01,5234,10,4.2011
ORD114233,REST0732,CUST02948,COUR1355,-37.8006133,144.9773735,2020-10-22,13:03:17,1,0,Car,"[('sandwiches', 2), ('waffles', 1), ('pasta', 1)]",40,43.494,3356,8,5.2279
ORD186263,REST0732,CUST08987,COUR1631,-37.8126415,144.95971809999998,2020-03-23,11:28:21,0,0,Motorbike,"[('burgers', 2), ('coffee', 3)]",0,56.87,5609,11,3.9585
ORD045841,REST0732,CUST02580,COUR4569,-37.8030898,144.9612977,2020-03-27,15:13:50,0,0,Car,"[('salads', 3), ('waffles', 2)]",20,58.408,5100,12,3.911
ORD121600,REST0337,CUST10496,COUR4877,-37.8230011,144.9708771,2020-04-02,14:38:14,0,0,Car,"[('chicken curry', 2), ('aloo posto', 2)]",45,25.861,2774,7,3.5162
ORD257586,REST1634,CUST00401,COUR2719,-37.8214578,144.98387580000005,2020-12-11,22:36:55,0,0,Car,"[('thin crust pizza', 3), ('farm pizza', 2), ('supreme pizza', 1)]",0,88.46,714,2,1.7161
ORD053102,REST0337,CUST12599,COUR1360,-37.8035042,144.9498163,2020-11-13,14:06:35,0,0,Car,"[('fish curry', 1), ('fish finger', 2), ('chicken dak bunglow', 3)]",20,79.928,1677,4,3.377
ORD034975,REST1634,CUST10856,COUR4769,-37.800651,144.9685789,2020-01-03,00:00:00,0,0,Motorbike,"[('thin crust pizza', 2), ('ice tea', 3), ('pasta', 2)]",0,127.21,2767,6,3.7216
ORD319622,REST0057,CUST04265,COUR1923,-37.8244618,144.9889108,2020-04-05,02:10:32,0,1,Car,"[('cheese sandwich', 1), ('potato twister', 1), ('chocolate sandwiches', 1), ('chaat', 3)]",20,62.391999999999996,2873,7,2.3787
ORD303836,REST0057,CUST07662,COUR1011,-37.813523,144.941156,2020-10-14,00:35:36,0,0,Motorbike,"[('cheese sandwich', 3), ('corn sandwich', 3), ('chocolate sandwich', 3), ('chilli cheese', 2)]",45,81.988,2424,5,3.1905
ORD072843,REST0337,CUST02262,COUR1865,-37.8186183,144.9670084,2020-06-06,06:11:52,0,1,Car,"[('chicken dak bunglow', 2), ('bhetki paturi', 2), ('dhokar dalna', 3)]",0,118.76,2022,5,4.3201
ORD282591,REST0337,CUST06183,COUR4159,-37.8140839,144.93611769999995,2020-08-31,02:22:25,0,0,Bike,"[('fish finger', 1), ('bhetki paturi', 3)]",45,19.883,1359,7,3.5792
ORD273387,REST0337,CUST07366,COUR1312,-37.823277,144.9700222,2020-02-07,22:32:58,0,0,Car,"[('fish finger', 2), ('fish cutlet', 2), ('aloo posto', 2)]",0,80.52,2723,7,3.4232
ORD108277,REST0337,CUST03762,COUR0969,-37.8196552,144.9525596,2020-11-06,10:13:11,0,0,Motorbike,"[('fish finger', 3), ('bhetki paturi', 3), ('chicken curry', 1)]",0,86.57,793,2,2.8395
ORD239716,REST0057,CUST07607,COUR3912,-37.81206829999999,144.9383555,2020-03-26,21:09:53,0,0,Motorbike,"[('potato twister', 2), ('chaat', 3), ('chocolate sandwiches', 1), ('corn sandwich', 2)]",0,129.48,3257,7,3.6371
ORD177042,REST1634,CUST10068,COUR3946,-37.8249664,144.9761917,2020-08-13,19:38:54,1,0,Bike,"[('farm pizza', 3), ('pasta', 1)]",0,33.37,1578,8,5.3822
ORD282405,REST0732,CUST12312,COUR4679,-37.8146652,144.957788,2020-03-04,13:11:12,1,0,Bike,"[('paneer burger', 1), ('coffee', 3), ('burgers', 2)]",0,63.75,5916,30,7.3941
ORD010587,REST1634,CUST07744,COUR4987,-37.7987169,144.96735230000004,2020-01-30,16:56:42,0,0,Motorbike,"[('potato wedges', 3), ('thin crust pizza', 3), ('pasta', 1), ('supreme pizza', 2)]",40,78.594,3097,6,3.3575
ORD221711,REST0057,CUST12655,COUR4637,-37.8035155,144.9498144,2020-04-09,00:03:57,0,0,Car,"[('cheese sandwich', 3), ('chocolate sandwich', 3), ('cheese sandwiches', 1), ('potato twister', 3)]",10,102.258,1907,5,3.5605
ORD290805,REST0732,CUST08658,COUR0296,-37.818645,144.9683478,2020-06-29,15:57:21,0,0,Bike,"[('pasta', 1), ('paneer burger', 3)]",0,27.19,5339,27,5.4126
ORD039758,REST0337,CUST03812,COUR3408,-37.81030379999999,144.9878581,2020-07-02,04:01:19,0,0,Bike,"[('fish finger', 3), ('fish curry', 2), ('bhetki paturi', 2)]",0,92.17,3987,20,4.9799
ORD081732,REST0732,CUST09423,COUR3063,-37.8235253,144.95623380000004,2020-04-23,19:54:43,1,0,Bike,"[('sandwiches', 1), ('waffles', 3), ('paneer burger', 1)]",0,96.8,6564,33,7.6623
ORD242300,REST0337,CUST07646,COUR4039,-37.8139221,144.9404494,2020-09-13,08:26:22,0,1,Car,"[('chicken dak bunglow', 2), ('bhetki paturi', 3), ('dhokar dalna', 2), ('fish cutlet', 1)]",20,94.12799999999999,786,2,3.6715
ORD168580,REST1634,CUST06114,COUR2996,-37.8037581,144.94340219999995,2020-11-07,14:42:11,0,1,Bike,"[('pasta', 2), ('thin crust pizza', 1), ('farm pizza', 3), ('ice tea', 3)]",20,102.552,4357,22,6.3142
ORD337975,REST0337,CUST11479,COUR0962,-37.8003571,145.0012437,2020-09-24,19:46:48,1,0,Car,"[('fish cutlet', 2), ('chicken curry', 2)]",10,59.111999999999995,5827,14,2.92325
ORD224169,REST1136,CUST09611,COUR3833,-37.8225599,144.9380572,2020-02-23,14:38:14,0,1,Motorbike,"[('matka kulfi', 2), ('mango lassi', 3), ('beer', 2)]",10,77.184,3105,6,4.4485
ORD006689,REST0057,CUST07594,COUR4641,-37.813296,144.93868940000004,2020-08-08,14:02:38,0,1,Motorbike,"[('cheese sandwich', 3), ('cheese sandwiches', 3), ('panipuri', 2)]",20,66.408,3179,6,4.0486
ORD253741,REST0337,CUST05781,COUR4549,-37.8095619,144.9391788,2020-11-08,08:10:32,0,1,Car,"[('fish curry', 3), ('fish finger', 3), ('aloo posto', 1), ('chicken dak bunglow', 2)]",20,108.096,1602,4,4.184
ORD272108,REST1136,CUST13993,COUR1896,-37.810662,144.9606071,2020-12-08,12:19:46,1,0,Motorbike,"[('beer', 1), ('salads', 2)]",20,24.831999999999997,1038,2,4.2963
ORD033702,REST1634,CUST06875,COUR1934,-37.8066692,144.9624905,2020-07-13,13:03:17,1,0,Car,"[('thin crust pizza', 1), ('pasta', 2)]",0,42.96,2547,6,5.0985
ORD202145,REST1634,CUST07922,COUR0955,-37.8135314,144.97406850000004,2020-12-15,08:34:17,0,0,Bike,"[('thin crust pizza', 1), ('potato wedges', 3), ('supreme pizza', 1), ('ice tea', 2)]",0,110.6,1071,5,3.3944
ORD104177,REST0057,CUST11264,COUR4360,-37.824583,144.9459414,2020-09-24,00:31:38,0,0,Car,"[('cheese sandwich', 2), ('chocolate sandwiches', 2)]",0,54.98,2913,7,3.8418
ORD305169,REST1634,CUST06452,COUR4491,-37.8155963,144.9740679,2020-03-27,17:48:07,0,0,Car,"[('pasta', 3), ('supreme pizza', 3), ('ice tea', 2), ('potato wedges', 2)]",40,73.782,938,2,2.7501
ORD024111,REST0732,CUST01163,COUR0589,-37.805481,144.9716576,2020-05-24,17:48:07,0,1,Motorbike,"[('pasta', 2), ('burgers', 3)]",20,49.672,4270,9,5.0943
ORD141112,REST0057,CUST09568,COUR4657,-37.8118044,144.9562004,2020-02-06,22:29:00,0,0,Bike,"[('chaat', 1), ('lassi', 3), ('cheese sandwich', 1)]",0,62.85,928,5,2.9884
ORD284952,REST1634,CUST13613,COUR1710,-37.8064161,144.9584206,2020-04-27,11:52:05,0,0,Car,"[('potato wedges', 3), ('farm pizza', 1), ('pasta', 2)]",20,54.48,2926,7,3.7289
ORD142805,REST0337,CUST07729,COUR4304,-37.8020319,144.9570706,2020-01-22,09:41:32,0,0,Motorbike,"[('bengali pulao', 3), ('aloo posto', 1)]",0,26.61,2130,4,3.1514
ORD018044,REST0337,CUST01548,COUR2057,-37.8098489,144.993852,2020-06-19,05:56:02,0,0,Car,"[('fish curry', 2), ('fish cutlet', 2)]",0,61.16,4438,11,3.9094
ORD316474,REST1136,CUST11818,COUR0307,-37.8193803,144.95279419999997,2020-03-14,20:14:30,0,1,Bike,"[('matka kulfi', 2), ('thandai', 3)]",20,81.08800000000001,1422,7,4.327
ORD013513,REST1136,CUST01274,COUR2499,-37.8049839,144.9762398,2020-11-29,05:20:26,0,1,Motorbike,"[('thandai', 2), ('salads', 3), ('lunch buffet', 1)]",0,79.85,2532,5,4.0732
ORD097069,REST0732,CUST00676,COUR3178,-37.8006458,145.00591269999995,2020-03-11,13:23:04,1,0,Car,"[('salads', 3), ('pasta', 1), ('sandwiches', 3), ('paneer burger', 2)]",0,112.5,611,1,4.6673
ORD004297,REST0732,CUST06799,COUR1975,-37.8038253,144.9562081,2020-11-14,23:12:31,0,1,Motorbike,"[('pasta', 1), ('paneer burger', 1), ('salads', 1)]",40,13.548,5591,11,5.0947
ORD079325,REST0337,CUST04889,COUR4659,-37.8181592,144.97590259999996,2020-08-20,14:38:14,0,0,Car,"[('alur dom', 3), ('bengali pulao', 3), ('dhokar dalna', 1)]",20,56.784,2950,7,3.4296
ORD084161,REST1136,CUST04481,COUR0865,-37.8190779,144.97381230000005,2020-09-12,18:59:20,1,1,Motorbike,"[('beer', 1), ('lunch buffet', 3), ('mango lassi', 3), ('salads', 2)]",45,51.062,2876,6,8.92785
ORD208450,REST1634,CUST12081,COUR0443,-37.7984477,144.9590122,2020-04-03,09:33:37,0,0,Motorbike,"[('farm pizza', 3), ('supreme pizza', 2), ('thin crust pizza', 3), ('potato wedges', 2)]",0,130.1,3710,7,3.6832
ORD121091,REST0057,CUST01453,COUR0358,-37.8131185,144.96942769999995,2020-06-19,22:32:58,0,0,Motorbike,"[('lassi', 1), ('cheese sandwich', 1)]",0,20.79,621,1,4.2807
ORD294114,REST0337,CUST01495,COUR2313,-37.81733079999999,144.9688157,2020-03-29,02:42:11,0,1,Car,"[('bengali pulao', 2), ('fish curry', 2), ('bhetki paturi', 3)]",10,54.72,2550,6,4.1909
ORD217415,REST0732,CUST10800,COUR2615,-37.8147767,144.9582332,2020-04-03,09:33:37,0,0,Motorbike,"[('burgers', 2), ('sandwiches', 1)]",0,54.24,5907,12,4.1084
ORD075670,REST0337,CUST12585,COUR2476,-37.8188086,144.9532253,2020-06-30,15:13:50,0,0,Bike,"[('fish curry', 2), ('bengali pulao', 2), ('fish finger', 3), ('chicken curry', 2)]",0,125.49,853,4,3.7588
ORD116783,REST0057,CUST10932,COUR2898,-37.8032344,144.9669507,2020-02-29,21:17:48,0,1,Car,"[('cheese sandwiches', 1), ('panipuri', 2)]",0,42.22,995,2,2.1287
ORD124468,REST1634,CUST04674,COUR0421,-37.8024333,144.9381113,2020-09-27,15:45:29,0,1,Motorbike,"[('thin crust pizza', 1), ('farm pizza', 3)]",40,26.772,5413,11,5.1285
ORD110594,REST1136,CUST07628,COUR4589,-37.813061,144.9402706,2020-04-28,07:38:54,0,0,Car,"[('mango lassi', 2), ('lunch buffet', 2), ('matka kulfi', 3)]",0,87.76,1276,3,2.986
ORD246871,REST0057,CUST09009,COUR1599,-37.80228620000001,144.9802774,2020-07-01,16:21:05,0,0,Motorbike,"[('corn sandwich', 3), ('potato twister', 2), ('chocolate sandwich', 1), ('chocolate sandwiches', 2)]",0,151.26,2150,4,3.245
ORD276348,REST0732,CUST00581,COUR2659,-37.821765,144.95226709999997,2020-12-08,07:54:43,0,0,Bike,"[('salads', 3), ('pasta', 3), ('burgers', 1), ('sandwiches', 1)]",20,68.008,6672,33,6.3641
ORD319067,REST0337,CUST11096,COUR0471,-37.8090248,144.9469103,2020-01-15,17:16:29,0,0,Car,"[('chicken curry', 2), ('fish finger', 3), ('bengali pulao', 2), ('alur dom', 1)]",0,106.15,930,2,3.0810000000000004
ORD112627,REST1136,CUST04047,COUR2537,-37.8191505,144.98226110000004,2020-03-13,22:44:50,0,0,Bike,"[('beer', 1), ('salads', 3), ('matka kulfi', 2)]",20,54.424,3643,18,4.0528
ORD201189,REST1136,CUST06382,COUR1295,-37.8149035,144.9459165,2020-12-14,13:23:04,1,0,Motorbike,"[('thandai', 1), ('lunch buffet', 3), ('beer', 3)]",45,69.421,1232,2,4.1693
ORD196821,REST0337,CUST13867,COUR0326,-37.8159141,144.97224930000004,2020-07-21,22:25:03,0,0,Motorbike,"[('bhetki paturi', 1), ('chicken curry', 2), ('fish finger', 1)]",0,56.39,2608,5,3.3038
ORD032879,REST0057,CUST10393,COUR0045,-37.8223921,144.9701332,2020-03-16,13:11:12,1,0,Car,"[('potato twister', 3), ('lassi', 3), ('chocolate sandwich', 1), ('cheese sandwich', 1)]",0,100.94,1549,4,4.595
ORD130714,REST0732,CUST07420,COUR1185,-37.8200083,144.9670063,2020-07-25,15:21:45,0,1,Car,"[('waffles', 2), ('coffee', 2)]",0,61.7,5639,14,5.3362
ORD195354,REST0057,CUST08487,COUR2012,-37.8014372,144.9567869,2020-10-09,17:56:02,0,0,Bike,"[('chocolate sandwich', 3), ('lassi', 2), ('panipuri', 1), ('chocolate sandwiches', 1)]",45,63.3,1460,7,4.9596
ORD258053,REST0057,CUST07767,COUR1913,-37.8137047,144.9655369,2020-06-26,05:16:29,0,0,Car,"[('chaat', 1), ('panipuri', 3), ('lassi', 3)]",0,103.4,621,1,2.7985
ORD203596,REST0337,CUST08876,COUR0222,-37.8019776,144.9915824,2020-07-06,08:38:14,0,0,Motorbike,"[('dhokar dalna', 1), ('bengali pulao', 2), ('bhetki paturi', 2), ('alur dom', 1)]",20,47.104,5039,10,3.7931
ORD168437,REST1136,CUST05232,COUR4081,-37.8225727,144.9609943,2020-08-22,20:06:35,0,1,Car,"[('thandai', 3), ('matka kulfi', 1)]",40,51.504,2019,5,3.9391
ORD117919,REST0337,CUST06963,COUR2911,-37.8053499,144.95080280000005,2020-12-25,14:54:03,0,0,Motorbike,"[('bengali pulao', 1), ('aloo posto', 1)]",0,13.53,1487,3,4.53735
ORD188450,REST0337,CUST10866,COUR1855,-37.803975,144.9678074,2020-11-26,16:32:58,0,0,Bike,"[('fish cutlet', 2), ('bhetki paturi', 2)]",0,45.44,2592,13,4.2504
ORD237493,REST0337,CUST13932,COUR3523,-37.8070125,144.96266630000005,2020-11-22,13:19:07,1,1,Car,"[('bhetki paturi', 1), ('dhokar dalna', 3), ('chicken curry', 2)]",0,110.9,1948,5,5.6938
ORD031697,REST0732,CUST13130,COUR3023,-37.81506,144.9392759,2020-12-28,09:45:29,0,0,Bike,"[('pasta', 3), ('paneer burger', 1)]",20,21.224,7511,38,9.67905
ORD068851,REST0057,CUST01304,COUR4548,-37.8029619,144.96210580000005,2020-07-02,23:40:13,0,0,Car,"[('corn sandwich', 1), ('cheese sandwich', 1), ('potato twister', 2), ('cheese sandwiches', 2)]",0,74.5,1074,3,3.0871
ORD331026,REST1634,CUST13899,COUR0574,-37.81156729999999,144.9648796,2020-06-02,21:29:40,0,0,Motorbike,"[('farm pizza', 2), ('supreme pizza', 2), ('potato wedges', 3), ('thin crust pizza', 3)]",0,135.62,2157,4,3.2581
ORD253590,REST0057,CUST03874,COUR2764,-37.7992717,144.97722280000005,2020-09-03,19:19:07,1,0,Motorbike,"[('cheese sandwiches', 2), ('cheese sandwich', 1), ('panipuri', 1)]",0,43.89,1977,4,4.8018
ORD347087,REST1634,CUST11717,COUR3565,-37.8100798,144.9960381,2020-08-26,14:02:38,0,0,Motorbike,"[('farm pizza', 2), ('thin crust pizza', 1)]",20,29.616,1629,3,3.0797
ORD211452,REST0057,CUST01389,COUR4397,-37.8107604,144.96481630000005,2020-03-24,19:34:56,1,0,Car,"[('panipuri', 3), ('potato twister', 3), ('chilli cheese', 1), ('lassi', 3)]",0,131.04,53,0,4.1133
ORD089376,REST1136,CUST10772,COUR4278,-37.8208677,144.9571674,2020-10-04,03:13:50,0,1,Bike,"[('beer', 2), ('palak pakoda', 3), ('matka kulfi', 3)]",0,133.59,1609,8,4.6543
ORD084576,REST1136,CUST04503,COUR2418,-37.8224552,144.9681448,2020-12-08,08:38:14,0,0,Car,"[('beer', 1), ('matka kulfi', 3)]",10,59.13,2632,6,3.3634
ORD063174,REST0732,CUST04520,COUR2107,-37.816804,144.9506582,2020-02-02,02:54:03,0,1,Bike,"[('coffee', 1), ('waffles', 1), ('burgers', 1), ('pasta', 1)]",0,53.73,7049,35,7.7403
ORD033888,REST1136,CUST04338,COUR1007,-37.8237969,144.9902366,2020-04-09,03:45:29,0,0,Car,"[('beer', 3), ('thandai', 3), ('lunch buffet', 2)]",45,86.889,4439,11,3.6285
ORD245733,REST1136,CUST02122,COUR1509,-37.79917329999999,144.9520019,2020-10-23,01:54:43,0,0,Motorbike,"[('matka kulfi', 1), ('thandai', 1), ('palak pakoda', 3)]",0,87.71,1116,2,2.7018
ORD226080,REST1136,CUST00821,COUR0370,-37.8168468,144.9579291,2020-04-06,09:49:27,0,0,Bike,"[('salads', 2), ('beer', 1), ('lunch buffet', 1)]",20,36.928000000000004,1278,6,3.2514
ORD310465,REST1136,CUST02714,COUR0912,-37.8215393,145.007936,2020-03-18,13:27:01,1,0,Motorbike,"[('mango lassi', 3), ('salads', 3)]",10,30.861,6042,12,5.0479
ORD273716,REST0732,CUST09337,COUR3961,-37.8193103,144.96107659999996,2020-10-14,01:38:54,0,0,Car,"[('salads', 1), ('burgers', 1), ('pasta', 2)]",20,30.864,5839,14,4.3252
ORD115879,REST0057,CUST03017,COUR1602,-37.803485,144.9654717,2020-09-04,18:39:33,1,0,Bike,"[('chocolate sandwich', 1), ('cheese sandwiches', 3), ('cheese sandwich', 1), ('corn sandwich', 1)]",0,78.79,979,5,4.864
ORD334220,REST1136,CUST08406,COUR3707,-37.798776200000006,144.9641966,2020-08-15,11:24:23,0,1,Motorbike,"[('palak pakoda', 1), ('mango lassi', 3), ('beer', 3), ('matka kulfi', 1)]",0,105.63,1994,4,3.8774
ORD211193,REST0732,CUST02547,COUR3168,-37.8025608,145.0019805,2020-11-17,12:03:57,1,0,Motorbike,"[('salads', 3), ('paneer burger', 1), ('coffee', 2)]",10,45.423,1474,3,4.8318
ORD114685,REST1634,CUST00920,COUR2978,-37.8108866,144.96070880000005,2020-11-09,03:13:50,0,0,Bike,"[('potato wedges', 1), ('pasta', 2)]",0,34.26,2665,13,4.4291
ORD203555,REST1634,CUST10507,COUR4345,-37.7999316,145.0025207,2020-02-27,08:42:11,0,0,Bike,"[('thin crust pizza', 2), ('ice tea', 3)]",20,84.85600000000001,3186,16,4.85
ORD117936,REST0337,CUST03429,COUR3088,-37.8214149,144.9849781,2020-09-26,03:33:37,0,1,Car,"[('fish finger', 3), ('bengali pulao', 1)]",20,45.912,3900,9,4.7125
ORD176507,REST1136,CUST06012,COUR1737,-37.8079234,144.9921256,2020-01-28,01:42:51,0,0,Bike,"[('beer', 2), ('thandai', 3), ('lunch buffet', 3), ('mango lassi', 3)]",20,136.32,3962,20,4.3304
ORD059879,REST1634,CUST09780,COUR4214,-37.8143653,144.9882986,2020-10-11,01:58:40,0,1,Bike,"[('potato wedges', 3), ('supreme pizza', 1), ('ice tea', 1), ('farm pizza', 2)]",0,83.17,551,3,4.564
ORD212453,REST0732,CUST11906,COUR4048,-37.8003467,144.9781135,2020-01-02,16:05:16,0,0,Bike,"[('burgers', 2), ('sandwiches', 3), ('paneer burger', 2), ('waffles', 1)]",20,107.152,3255,16,4.9063
ORD330659,REST0732,CUST02354,COUR4908,-37.8011463,145.0079136,2020-11-29,00:19:46,0,1,Car,"[('paneer burger', 2), ('pasta', 1)]",10,18.279,542,1,4.2902
ORD157098,REST0057,CUST06423,COUR1026,-37.8054576,145.0004183,2020-11-17,08:26:22,0,0,Bike,"[('chaat', 2), ('chocolate sandwich', 2), ('chilli cheese', 3)]",0,76.56,3613,18,4.638999999999999
ORD259609,REST0337,CUST07297,COUR4348,-37.8196627,144.95202619999995,2020-06-02,06:43:30,0,0,Motorbike,"[('chicken dak bunglow', 1), ('dhokar dalna', 2), ('fish finger', 3)]",40,69.444,806,2,2.9098
ORD139748,REST0057,CUST01391,COUR4210,-37.8101638,144.9668186,2020-02-07,02:50:06,0,0,Car,"[('chocolate sandwiches', 3), ('chocolate sandwich', 3)]",0,112.89,137,0,3.1872
ORD225446,REST1634,CUST13304,COUR0784,-37.799949,144.9588616,2020-08-21,11:08:34,0,0,Motorbike,"[('pasta', 3), ('farm pizza', 1), ('potato wedges', 1), ('supreme pizza', 3)]",0,75.83,3492,7,3.7197
ORD337665,REST1136,CUST07243,COUR4632,-37.82171829999999,144.9474967,2020-07-10,07:42:51,0,0,Car,"[('thandai', 1), ('matka kulfi', 1)]",20,31.168000000000003,2053,5,3.1081
ORD214731,REST0057,CUST01985,COUR0629,-37.8009524,145.01209409999996,2020-01-05,11:48:07,0,1,Bike,"[('potato twister', 2), ('lassi', 3)]",45,36.707,4793,24,6.1851
ORD150202,REST1634,CUST00455,COUR1912,-37.812786,144.94326930000003,2020-11-02,18:07:54,1,0,Motorbike,"[('thin crust pizza', 2), ('farm pizza', 3), ('ice tea', 1)]",10,78.525,4238,8,4.9202
ORD002777,REST0057,CUST02864,COUR3455,-37.8201509,144.99171230000005,2020-03-26,17:48:07,0,0,Car,"[('chocolate sandwich', 3), ('potato twister', 1), ('corn sandwich', 3), ('chaat', 1)]",0,142.98,3006,7,3.8551
ORD288373,REST1634,CUST04120,COUR1603,-37.8205542,144.984997,2020-10-13,16:13:11,0,0,Bike,"[('supreme pizza', 3), ('potato wedges', 3), ('pasta', 1), ('thin crust pizza', 1)]",10,85.635,563,3,3.3655
ORD078829,REST0732,CUST13007,COUR4183,-37.8123731,144.95320149999995,2020-11-24,11:04:36,0,0,Car,"[('paneer burger', 1), ('coffee', 2), ('sandwiches', 2), ('pasta', 1)]",10,65.457,6155,15,4.2384
ORD159966,REST0732,CUST10798,COUR0607,-37.8136656,144.955769,2020-06-06,05:20:26,0,1,Car,"[('paneer burger', 2), ('sandwiches', 2), ('waffles', 1)]",20,63.76,5991,14,5.4435
ORD311810,REST1136,CUST03910,COUR2332,-37.82141970000001,144.9454782,2020-03-09,01:03:17,0,0,Motorbike,"[('salads', 2), ('lunch buffet', 1)]",0,27.02,2065,4,3.0333
ORD262232,REST1136,CUST08089,COUR2573,-37.8187269,145.001466,2020-04-12,09:25:42,0,1,Bike,"[('mango lassi', 2), ('matka kulfi', 2)]",0,42.0,5216,26,6.1105
ORD017000,REST1634,CUST04611,COUR0859,-37.8079244,144.942819,2020-10-13,21:01:58,0,0,Bike,"[('potato wedges', 1), ('farm pizza', 2), ('ice tea', 2), ('pasta', 3)]",0,101.65,4520,23,5.7749
ORD000430,REST1136,CUST03959,COUR1934,-37.7992119,145.00459730000003,2020-09-28,05:44:10,0,0,Car,"[('beer', 3), ('lunch buffet', 2), ('thandai', 2)]",0,134.54,5880,14,4.007
ORD332183,REST1136,CUST05674,COUR4784,-37.813104,144.9374875,2020-07-31,06:43:30,0,0,Motorbike,"[('palak pakoda', 3), ('salads', 1)]",0,54.7,1726,3,2.8924
ORD050380,REST0337,CUST02853,COUR3382,-37.821277,144.99183530000005,2020-07-07,18:35:36,1,0,Bike,"[('aloo posto', 3), ('fish cutlet', 2), ('dhokar dalna', 3), ('chicken curry', 3)]",20,139.704,4457,22,6.6793
ORD164392,REST0337,CUST12908,COUR3366,-37.8120943,144.9542108,2020-04-08,15:17:48,0,0,Car,"[('fish cutlet', 2), ('aloo posto', 2), ('alur dom', 2)]",40,38.988,839,2,2.9495
ORD102788,REST1634,CUST13093,COUR1097,-37.8232628,144.9830236,2020-03-22,19:42:51,1,1,Bike,"[('ice tea', 2), ('pasta', 2), ('supreme pizza', 1)]",0,70.56,1297,6,6.0613
ORD252831,REST0057,CUST05499,COUR2832,-37.8157995,144.9636952,2020-03-17,02:06:35,0,0,Motorbike,"[('chaat', 1), ('potato twister', 1), ('lassi', 1)]",0,39.08,914,2,3.0895
ORD170870,REST1136,CUST12340,COUR0633,-37.81134229999999,144.96567040000005,2020-10-16,22:21:05,0,0,Motorbike,"[('thandai', 1), ('salads', 3), ('lunch buffet', 3), ('mango lassi', 1)]",45,50.672,1635,3,3.2163
ORD271642,REST1136,CUST07354,COUR0803,-37.82328320000001,144.970025,2020-12-28,06:35:36,0,0,Bike,"[('matka kulfi', 3), ('beer', 2), ('mango lassi', 1)]",40,54.192,2747,14,3.5029
ORD175561,REST1136,CUST12065,COUR2339,-37.8142526,144.96309230000003,2020-11-18,02:46:09,0,0,Car,"[('thandai', 1), ('beer', 3)]",0,80.86,1530,4,2.9393
ORD277878,REST1136,CUST06312,COUR4963,-37.80632720000001,144.9560899,2020-05-12,17:04:36,0,0,Bike,"[('beer', 2), ('thandai', 2), ('matka kulfi', 2), ('lunch buffet', 2)]",10,131.796,606,3,2.7823
ORD318286,REST1634,CUST12882,COUR2945,-37.8230304,145.0001615,2020-06-30,05:12:31,0,0,Motorbike,"[('supreme pizza', 2), ('farm pizza', 2)]",0,30.8,1860,4,3.2960000000000003
ORD075080,REST0057,CUST09280,COUR1422,-37.8120349,144.9706416,2020-05-31,16:40:52,0,1,Car,"[('lassi', 3), ('panipuri', 3), ('cheese sandwich', 3)]",0,109.17,663,2,4.1594
ORD104829,REST0057,CUST01339,COUR1417,-37.8229196,144.96490319999995,2020-02-08,18:00:00,1,1,Bike,"[('chilli cheese', 2), ('lassi', 3), ('panipuri', 3)]",0,102.3,1724,9,6.2346
ORD105677,REST1634,CUST07757,COUR3793,-37.8135849,144.964259,2020-03-24,23:44:10,0,0,Motorbike,"[('supreme pizza', 3), ('potato wedges', 2)]",0,49.64,2132,4,3.1591
ORD252592,REST0732,CUST09254,COUR1973,-37.8095691,144.96380209999995,2020-05-12,05:28:21,0,0,Motorbike,"[('sandwiches', 1), ('coffee', 2)]",0,37.72,5069,10,1.9409
ORD265270,REST1634,CUST12576,COUR1644,-37.8187456,144.9534724,2020-02-28,04:32:58,0,0,Motorbike,"[('ice tea', 1), ('potato wedges', 3)]",0,60.17,3018,6,3.503
ORD054652,REST1136,CUST04273,COUR0050,-37.824124,144.9868376,2020-11-10,01:42:51,0,0,Car,"[('mango lassi', 3), ('matka kulfi', 3)]",45,34.65,4243,10,3.4228
ORD317108,REST0732,CUST02955,COUR3334,-37.8003449,144.9831805,2020-10-06,13:27:01,1,0,Car,"[('pasta', 3), ('sandwiches', 1), ('paneer burger', 3)]",45,34.028,2776,7,5.1802
ORD163970,REST0732,CUST11411,COUR0669,-37.803445,144.99141200000003,2020-09-01,02:18:27,0,0,Motorbike,"[('waffles', 2), ('paneer burger', 1)]",40,31.464000000000002,3106,6,3.363
ORD310449,REST0057,CUST05528,COUR4578,-37.8186716,144.96128169999997,2020-11-05,07:42:51,0,0,Motorbike,"[('potato twister', 1), ('panipuri', 3), ('chocolate sandwiches', 2)]",10,90.756,1412,3,3.0186
ORD087636,REST1136,CUST06130,COUR3390,-37.8064999,144.9560899,2020-04-22,23:40:13,0,0,Motorbike,"[('lunch buffet', 1), ('thandai', 1)]",0,38.56,998,2,2.9251
ORD103899,REST1634,CUST09383,COUR4544,-37.8132588,144.9626345,2020-02-13,03:21:45,0,0,Motorbike,"[('potato wedges', 3), ('farm pizza', 3), ('pasta', 3), ('ice tea', 1)]",40,68.808,2298,5,3.5628
ORD171412,REST0337,CUST09718,COUR2167,-37.8106451,144.9756601,2020-04-13,11:32:18,0,0,Motorbike,"[('fish finger', 2), ('chicken dak bunglow', 2), ('bengali pulao', 1)]",0,74.94,2951,6,3.5485
ORD216377,REST0057,CUST03312,COUR1880,-37.8003287,144.9500325,2020-07-25,10:25:03,0,1,Bike,"[('chaat', 1), ('panipuri', 1)]",0,28.58,2079,10,4.5845
ORD224619,REST1136,CUST02144,COUR3202,-37.8043831,144.950366,2020-11-15,11:40:13,0,1,Bike,"[('mango lassi', 1), ('salads', 3)]",45,12.832,549,3,3.8926
ORD090335,REST1634,CUST00831,COUR4575,-37.81668060000001,144.9604608,2020-11-17,07:42:51,0,0,Motorbike,"[('supreme pizza', 3), ('potato wedges', 1), ('ice tea', 1)]",0,57.33,2370,5,3.5825
ORD303042,REST0732,CUST09321,COUR1313,-37.8090669,144.9552079,2020-08-17,17:04:36,0,0,Bike,"[('burgers', 3), ('salads', 1), ('waffles', 2), ('coffee', 3)]",0,127.91,5953,30,5.8653
ORD249481,REST0057,CUST00485,COUR1622,-37.8189026,144.9471781,2020-06-26,13:54:43,1,0,Motorbike,"[('chilli cheese', 1), ('chaat', 3), ('cheese sandwiches', 1), ('cheese sandwich', 1)]",0,62.15,2210,4,5.0432
ORD064076,REST0337,CUST09651,COUR1415,-37.8031341,145.003551,2020-09-27,15:13:50,0,1,Bike,"[('aloo posto', 1), ('fish finger', 2), ('chicken curry', 3), ('fish cutlet', 2)]",45,67.7,5812,29,6.7549
ORD238227,REST1136,CUST08016,COUR3504,-37.8194349,145.008352,2020-10-31,17:20:26,0,1,Car,"[('palak pakoda', 2), ('matka kulfi', 2), ('thandai', 1), ('salads', 2)]",0,98.88,5832,14,5.3323
ORD141993,REST0337,CUST12334,COUR0618,-37.8199382,144.961391,2020-05-15,01:46:48,0,0,Motorbike,"[('fish cutlet', 2), ('bhetki paturi', 1)]",20,31.232,1698,3,3.2323
ORD267111,REST1634,CUST02475,COUR0055,-37.8226204,144.9922764,2020-10-15,11:08:34,0,0,Car,"[('supreme pizza', 2), ('farm pizza', 3), ('potato wedges', 2), ('ice tea', 2)]",0,106.26,1150,3,2.8539
ORD006674,REST0057,CUST13044,COUR4629,-37.8121238,144.9534288,2020-05-28,11:04:36,0,0,Car,"[('cheese sandwich', 1), ('panipuri', 1)]",20,17.48,1252,3,3.198
ORD276359,REST0732,CUST11710,COUR1143,-37.8033755,144.9829053,2020-03-22,10:44:50,0,1,Bike,"[('waffles', 3), ('salads', 3)]",40,57.474,3023,15,5.37
ORD131502,REST1136,CUST11602,COUR1905,-37.8083907,144.97812130000003,2020-02-10,01:54:43,0,0,Bike,"[('mango lassi', 1), ('thandai', 3)]",10,68.22,2556,13,4.1328
ORD106503,REST1634,CUST11765,COUR4702,-37.8273122,145.013004,2020-04-21,10:01:19,0,0,Motorbike,"[('ice tea', 2), ('supreme pizza', 1), ('pasta', 2)]",20,56.448,3190,6,1.7836
ORD135153,REST0057,CUST08062,COUR3884,-37.8199728,145.0164243,2020-02-15,01:11:12,0,1,Bike,"[('chaat', 3), ('chilli cheese', 2), ('chocolate sandwiches', 2)]",0,93.3,5035,25,6.1483
ORD321371,REST0337,CUST06006,COUR0641,-37.81296270000001,144.9904174,2020-03-12,13:19:07,1,0,Car,"[('chicken dak bunglow', 1), ('fish finger', 1), ('chicken curry', 1)]",20,40.576,4450,11,5.6956
ORD152109,REST0057,CUST10183,COUR0222,-37.810722,144.990461,2020-07-31,02:18:27,0,0,Motorbike,"[('chocolate sandwich', 3), ('chaat', 2)]",0,75.13,2354,5,3.6811
ORD002915,REST1136,CUST07736,COUR1699,-37.8019125,144.95709159999996,2020-03-10,20:50:06,0,0,Car,"[('beer', 3), ('lunch buffet', 2)]",0,87.66,1097,3,2.8954
ORD080326,REST0057,CUST11727,COUR3967,-37.8149888,144.9530379,2020-02-24,01:58:40,0,0,Bike,"[('potato twister', 3), ('cheese sandwich', 3), ('lassi', 2), ('cheese sandwiches', 1)]",10,84.177,1284,6,3.2808
ORD341787,REST0057,CUST05381,COUR0650,-37.8144947,144.954754,2020-06-22,15:45:29,0,0,Car,"[('cheese sandwiches', 2), ('chocolate sandwich', 2), ('cheese sandwich', 2), ('potato twister', 2)]",0,90.44,1123,3,3.1195
ORD004323,REST0057,CUST07955,COUR3225,-37.81523370000001,144.9748081,2020-04-12,08:58:01,0,1,Motorbike,"[('panipuri', 1), ('cheese sandwiches', 3), ('lassi', 3), ('cheese sandwich', 3)]",0,111.03,1292,3,4.2032
ORD308324,REST0337,CUST11798,COUR1902,-37.8094359,144.9643648,2020-03-19,11:48:07,0,0,Bike,"[('fish finger', 1), ('dhokar dalna', 3)]",0,88.41,1774,9,3.4094
ORD119364,REST0057,CUST03017,COUR3912,-37.803485,144.9654717,2020-05-24,10:13:11,0,1,Motorbike,"[('potato twister', 2), ('cheese sandwich', 3), ('corn sandwich', 3)]",0,111.14,979,2,4.3943
ORD257835,REST1634,CUST07995,COUR4021,-37.8196257,145.01002319999995,2020-07-07,15:33:37,0,0,Motorbike,"[('potato wedges', 2), ('farm pizza', 2), ('supreme pizza', 1), ('ice tea', 1)]",0,70.05,2298,5,3.3560000000000003
ORD119023,REST0732,CUST03928,COUR0054,-37.8220278,144.9475811,2020-01-31,23:16:29,0,0,Motorbike,"[('pasta', 1), ('sandwiches', 2), ('salads', 2)]",45,37.406,7140,14,4.5405
ORD047788,REST1634,CUST01629,COUR4295,-37.8111341,145.00646619999995,2020-04-01,00:03:57,0,0,Motorbike,"[('ice tea', 3), ('thin crust pizza', 3)]",10,115.101,2524,5,3.2347
ORD122562,REST1136,CUST07965,COUR1134,-37.8131411,144.9738925,2020-08-12,16:40:52,0,0,Bike,"[('beer', 3), ('palak pakoda', 2), ('thandai', 1)]",10,102.024,2597,13,3.8698
ORD006009,REST1136,CUST06723,COUR3868,-37.8070706,144.97126619999997,2020-04-11,20:38:14,0,1,Bike,"[('beer', 2), ('lunch buffet', 2), ('mango lassi', 2)]",20,63.583999999999996,1954,10,2.20965
ORD233039,REST1136,CUST09585,COUR3544,-37.8183685,145.0146615,2020-06-28,04:32:58,0,1,Car,"[('lunch buffet', 3), ('matka kulfi', 2), ('salads', 1)]",40,49.41,6651,16,4.8097
ORD266866,REST0057,CUST08375,COUR0846,-37.8125999,144.9539031,2020-07-24,16:13:11,0,0,Bike,"[('panipuri', 3), ('chocolate sandwich', 3)]",40,57.582,1142,6,3.6591
ORD302576,REST1634,CUST05626,COUR2087,-37.81225379999999,144.93866359999996,2020-11-12,17:00:39,0,0,Car,"[('pasta', 3), ('thin crust pizza', 2)]",0,75.35,4777,11,4.0976
ORD079257,REST1634,CUST06973,COUR2080,-37.80522070000001,144.95217319999998,2020-03-07,03:21:45,0,1,Car,"[('supreme pizza', 1), ('ice tea', 2), ('pasta', 1)]",0,59.99,3505,8,4.6923
ORD194224,REST1136,CUST08958,COUR2706,-37.80333020000001,144.9657419,2020-02-06,04:40:52,0,0,Car,"[('salads', 2), ('palak pakoda', 1), ('mango lassi', 1)]",45,18.496,1794,4,4.4593500000000015
ORD072644,REST1136,CUST03196,COUR1713,-37.8106998,144.9283886,2020-01-06,04:48:47,0,0,Motorbike,"[('matka kulfi', 1), ('salads', 3)]",0,33.37,2466,5,3.1421
ORD050391,REST1634,CUST05884,COUR3891,-37.8116662,144.9902029,2020-11-24,20:46:09,0,0,Car,"[('potato wedges', 3), ('thin crust pizza', 2)]",10,74.7,1066,3,3.5864
ORD006460,REST0732,CUST10919,COUR2998,-37.8005161,144.9723404,2020-11-08,17:12:31,0,1,Bike,"[('salads', 2), ('sandwiches', 3), ('pasta', 2), ('coffee', 1)]",45,57.315,3785,19,5.986000000000001
ORD312016,REST0732,CUST00598,COUR4290,-37.8147936,144.9417965,2020-10-20,16:13:11,0,0,Motorbike,"[('sandwiches', 2), ('burgers', 1), ('coffee', 1)]",40,40.536,7231,14,4.4096
ORD035098,REST1634,CUST03198,COUR2535,-37.8084829,144.9213965,2020-07-17,13:50:46,1,0,Car,"[('ice tea', 1), ('pasta', 2), ('supreme pizza', 2), ('thin crust pizza', 1)]",40,47.622,6282,15,5.8752
ORD066259,REST0057,CUST03599,COUR0412,-37.8249449,144.9487577,2020-12-25,03:05:56,0,0,Motorbike,"[('lassi', 2), ('panipuri', 1), ('chaat', 1)]",0,57.66,2724,5,1.7219
ORD095775,REST0057,CUST08551,COUR1661,-37.8206783,144.9793054,2020-09-08,01:30:59,0,0,Bike,"[('cheese sandwiches', 1), ('corn sandwich', 1), ('chilli cheese', 3), ('panipuri', 3)]",0,98.73,1985,10,4.1151
ORD242151,REST0057,CUST11009,COUR4202,-37.8034609,144.96238390000005,2020-06-15,20:58:01,0,0,Car,"[('chocolate sandwiches', 2), ('corn sandwich', 1), ('cheese sandwiches', 1)]",0,76.59,998,2,3.196
ORD295062,REST0057,CUST00064,COUR2510,-37.8030569,144.9696103,2020-05-01,12:03:57,1,0,Car,"[('chocolate sandwich', 1), ('panipuri', 2), ('cheese sandwiches', 3)]",10,72.585,1107,3,4.7565
ORD068824,REST0057,CUST06021,COUR2681,-37.8054165,144.9365283,2020-11-13,11:16:29,0,0,Bike,"[('panipuri', 1), ('corn sandwich', 3), ('potato twister', 2)]",40,64.794,3029,15,4.1009
ORD073538,REST0057,CUST04264,COUR1911,-37.824468,144.9885246,2020-03-08,19:11:12,1,1,Bike,"[('chocolate sandwiches', 2), ('cheese sandwich', 2), ('cheese sandwiches', 3)]",0,88.04,2848,14,3.38255
ORD170551,REST1634,CUST13035,COUR2545,-37.8122033,144.9534658,2020-04-23,21:41:32,0,0,Motorbike,"[('ice tea', 3), ('farm pizza', 1)]",0,70.03,3419,7,3.7792
ORD309129,REST0337,CUST06841,COUR1086,-37.8063372,144.9595445,2020-01-02,00:00:00,0,0,Motorbike,"[('fish cutlet', 2), ('fish curry', 1), ('chicken dak bunglow', 1)]",0,64.15,1814,4,2.9941
ORD040348,REST0337,CUST02932,COUR2401,-37.8006222,144.97699550000004,2020-12-31,18:51:25,1,0,Car,"[('alur dom', 1), ('aloo posto', 1)]",0,16.17,3543,9,4.8751
ORD219509,REST1634,CUST00908,COUR0291,-37.8256656,144.9800894,2020-12-19,22:36:55,0,1,Car,"[('pasta', 1), ('supreme pizza', 2)]",0,26.17,2185,5,4.0366
ORD041222,REST1136,CUST11588,COUR4164,-37.8126201,144.965171,2020-01-03,15:45:29,0,0,Motorbike,"[('lunch buffet', 2), ('palak pakoda', 2), ('mango lassi', 1)]",0,68.22,1666,3,2.8768
ORD052872,REST0057,CUST02641,COUR1339,-37.80937760000001,144.9564824,2020-12-17,12:59:20,1,0,Motorbike,"[('lassi', 1), ('potato twister', 1), ('panipuri', 3)]",10,65.61,996,2,4.2966
ORD212022,REST1634,CUST08760,COUR3348,-37.8127402,145.0130446,2020-09-23,12:27:41,1,0,Car,"[('ice tea', 1), ('supreme pizza', 1)]",20,22.888,3150,8,8.27175
ORD210854,REST1136,CUST09330,COUR1483,-37.8209335,144.9614206,2020-05-24,16:17:08,0,1,Bike,"[('salads', 2), ('thandai', 1)]",20,28.272,1834,9,4.7412
ORD289071,REST1634,CUST06044,COUR4780,-37.8063174,144.9415754,2020-02-16,04:13:11,0,1,Motorbike,"[('supreme pizza', 3), ('potato wedges', 2), ('ice tea', 2)]",40,54.756,4611,9,5.099
ORD273686,REST0337,CUST09702,COUR2128,-37.8089847,145.0088674,2020-10-24,21:33:37,0,1,Motorbike,"[('aloo posto', 1), ('fish finger', 2)]",0,40.89,6028,12,4.7462
ORD183390,REST0057,CUST09124,COUR0303,-37.8169506,144.95317230000003,2020-07-18,06:35:36,0,1,Motorbike,"[('cheese sandwiches', 2), ('chocolate sandwiches', 2)]",0,64.52,1533,3,4.2103
ORD318689,REST0057,CUST06203,COUR0377,-37.8158807,144.9338778,2020-09-14,12:55:23,1,0,Car,"[('panipuri', 2), ('corn sandwich', 3)]",40,60.282,3157,8,5.0798
ORD265992,REST0057,CUST11314,COUR2111,-37.8187135,144.9670491,2020-01-16,04:48:47,0,0,Bike,"[('panipuri', 2), ('lassi', 1), ('chocolate sandwiches', 2)]",0,88.22,1062,5,3.3188
ORD224697,REST1634,CUST11877,COUR2803,-37.8109953,145.000582,2020-10-02,18:43:30,1,0,Motorbike,"[('ice tea', 2), ('farm pizza', 1)]",0,49.22,1985,4,6.77445
ORD341390,REST0337,CUST04651,COUR1329,-37.8059259,144.9317588,2020-03-13,00:59:20,0,0,Bike,"[('alur dom', 1), ('chicken curry', 2), ('chicken dak bunglow', 1), ('fish finger', 2)]",45,51.354,2048,10,4.035
ORD178885,REST0057,CUST10167,COUR3146,-37.8234102,144.97828969999995,2020-12-09,07:50:46,0,0,Motorbike,"[('chilli cheese', 1), ('chocolate sandwiches', 1), ('cheese sandwiches', 3)]",0,60.24,2124,4,2.969
ORD298997,REST0337,CUST03894,COUR4409,-37.8180076,144.9472038,2020-04-10,15:57:21,0,0,Motorbike,"[('alur dom', 1), ('aloo posto', 2)]",0,23.16,510,1,2.4995
ORD278368,REST0732,CUST13524,COUR1739,-37.8148868,144.9647378,2020-09-21,15:37:34,0,0,Car,"[('pasta', 3), ('sandwiches', 2), ('burgers', 1), ('salads', 2)]",0,97.44,5447,13,4.4637
ORD194463,REST0337,CUST00664,COUR1108,-37.800751700000006,145.00220009999995,2020-02-27,07:30:59,0,0,Motorbike,"[('bhetki paturi', 3), ('aloo posto', 3), ('fish curry', 1)]",20,43.544,5857,12,3.9028
ORD126601,REST1634,CUST07538,COUR3731,-37.8141865,144.94455459999998,2020-10-07,12:15:49,1,0,Car,"[('potato wedges', 2), ('pasta', 1)]",40,22.086,4101,10,5.311
ORD237144,REST0057,CUST00219,COUR4341,-37.80942039999999,144.93167069999996,2020-04-23,05:40:13,0,0,Car,"[('corn sandwich', 3), ('chilli cheese', 2)]",0,81.15,3345,8,3.8225
ORD271063,REST0337,CUST05655,COUR1505,-37.8135331,144.9373574,2020-11-06,02:58:01,0,0,Bike,"[('fish finger', 2), ('chicken dak bunglow', 2), ('alur dom', 3), ('fish curry', 2)]",0,124.46,1267,6,3.5302
ORD206332,REST0057,CUST00636,COUR3042,-37.8165753,144.9666375,2020-11-18,17:36:15,0,0,Bike,"[('chaat', 2), ('lassi', 1)]",0,40.5,790,4,3.0466
ORD076942,REST0057,CUST00179,COUR0312,-37.8106709,144.9559083,2020-04-16,04:40:52,0,0,Motorbike,"[('chaat', 2), ('cheese sandwich', 3), ('chilli cheese', 3)]",20,50.023999999999994,1032,2,3.1869
ORD339778,REST0732,CUST00348,COUR0687,-37.81875,144.983448,2020-03-05,12:51:25,1,0,Car,"[('sandwiches', 2), ('waffles', 3), ('coffee', 2), ('salads', 2)]",40,87.564,4288,10,5.3577
ORD192133,REST1634,CUST07405,COUR3658,-37.82407620000001,144.96852909999996,2020-01-07,15:33:37,0,0,Motorbike,"[('thin crust pizza', 2), ('pasta', 3), ('potato wedges', 3)]",10,103.23899999999999,2144,4,3.2422
ORD177053,REST1634,CUST12214,COUR1520,-37.8243312,144.95246880000005,2020-05-27,19:07:15,1,0,Car,"[('pasta', 3), ('thin crust pizza', 1), ('ice tea', 3), ('potato wedges', 2)]",0,142.2,3239,8,5.0957
ORD131597,REST1634,CUST01014,COUR1012,-37.80134570000001,144.9174425,2020-09-13,11:36:15,0,1,Bike,"[('thin crust pizza', 3), ('supreme pizza', 2), ('farm pizza', 1)]",0,88.66,6749,34,7.1935
ORD223948,REST0732,CUST13525,COUR0062,-37.8064779,144.9378783,2020-08-18,10:17:08,0,0,Car,"[('salads', 1), ('paneer burger', 1)]",45,8.817,7447,18,4.5857
ORD167291,REST0057,CUST03157,COUR3809,-37.8056402,144.97315849999995,2020-06-14,15:29:40,0,1,Motorbike,"[('chilli cheese', 3), ('cheese sandwiches', 1)]",0,28.84,1053,2,6.6445500000000015
ORD199912,REST1136,CUST05236,COUR2112,-37.8225799,144.9610311,2020-03-24,00:03:57,0,0,Bike,"[('salads', 2), ('lunch buffet', 1)]",0,27.02,2023,10,3.4256
ORD178690,REST0732,CUST06206,COUR0947,-37.8153659,144.93541489999996,2020-12-04,21:13:50,0,0,Motorbike,"[('burgers', 3), ('waffles', 3), ('pasta', 2)]",45,71.736,7842,16,4.6648
ORD336750,REST0057,CUST10392,COUR2813,-37.8194384,144.97479840000003,2020-07-15,01:23:04,0,0,Car,"[('cheese sandwich', 2), ('chocolate sandwiches', 2)]",0,54.98,1755,4,3.1237
ORD032598,REST0337,CUST05381,COUR1641,-37.8144947,144.954754,2020-09-03,03:17:48,0,0,Bike,"[('chicken curry', 3), ('fish curry', 1), ('fish finger', 3), ('dhokar dalna', 1)]",10,124.641,1003,5,3.417
ORD219936,REST0732,CUST06532,COUR0094,-37.8241693,144.9837005,2020-09-17,05:00:39,0,0,Bike,"[('pasta', 2), ('waffles', 1), ('coffee', 1), ('salads', 2)]",10,56.025,4910,25,7.911149999999999
ORD218603,REST1136,CUST01598,COUR4610,-37.82053670000001,144.99198930000003,2020-11-14,07:15:09,0,1,Motorbike,"[('lunch buffet', 2), ('thandai', 3)]",0,100.56,4513,9,4.3306
ORD191527,REST1634,CUST08701,COUR2501,-37.8231328,144.9517408,2020-10-08,18:23:44,1,0,Motorbike,"[('pasta', 3), ('potato wedges', 3)]",0,71.07,3172,6,5.4308
ORD157520,REST1634,CUST02815,COUR0398,-37.8108465,144.9995362,2020-05-25,01:54:43,0,0,Motorbike,"[('farm pizza', 2), ('ice tea', 2), ('pasta', 2), ('potato wedges', 2)]",0,104.2,2076,4,3.3215
ORD062966,REST1136,CUST05608,COUR3844,-37.8148459,144.9375409,2020-11-26,03:57:21,0,0,Car,"[('salads', 2), ('palak pakoda', 2), ('beer', 3)]",45,56.001000000000005,1521,4,2.8127
ORD198726,REST1634,CUST11637,COUR0144,-37.8317585,144.9649035,2020-11-10,14:54:03,0,0,Car,"[('thin crust pizza', 1), ('potato wedges', 3), ('ice tea', 3), ('farm pizza', 3)]",0,146.41,3156,8,3.492
ORD169413,REST1136,CUST01003,COUR3789,-37.8063179,144.9404614,2020-03-26,07:54:43,0,0,Bike,"[('mango lassi', 3), ('palak pakoda', 2)]",0,48.94,2348,12,3.6104
ORD154704,REST0732,CUST13637,COUR3659,-37.80460120000001,144.97458590000005,2020-12-13,04:48:47,0,1,Motorbike,"[('coffee', 1), ('sandwiches', 1), ('salads', 2)]",0,47.95,3945,8,4.605
ORD062946,REST0057,CUST12813,COUR0690,-37.8195376,144.9637189,2020-06-22,03:21:45,0,0,Car,"[('cheese sandwich', 3), ('cheese sandwiches', 3)]",0,51.81,1349,3,2.9099
ORD212525,REST0337,CUST05695,COUR3028,-37.8138355,144.93723559999995,2020-03-31,14:22:25,0,0,Bike,"[('dhokar dalna', 3), ('bhetki paturi', 2), ('fish cutlet', 2), ('chicken curry', 1)]",0,133.42,1203,6,3.6164
ORD174202,REST0057,CUST00402,COUR1399,-37.8242405,144.9867934,2020-03-27,16:56:42,0,0,Motorbike,"[('chilli cheese', 1), ('chocolate sandwich', 2), ('lassi', 1)]",20,42.608000000000004,2723,5,3.2134
ORD032045,REST1136,CUST03024,COUR4192,-37.8245789,144.969445,2020-07-17,17:16:29,0,0,Motorbike,"[('mango lassi', 2), ('palak pakoda', 1)]",0,27.21,2894,6,1.60315
ORD303461,REST0057,CUST00520,COUR3457,-37.81304520000001,144.9557281,2020-04-05,13:30:59,1,1,Motorbike,"[('potato twister', 2), ('cheese sandwich', 3)]",45,23.029,932,2,5.5049
ORD315112,REST0732,CUST06280,COUR3367,-37.8072596,144.95739609999995,2020-01-17,04:48:47,0,0,Bike,"[('waffles', 3), ('burgers', 3), ('paneer burger', 1), ('pasta', 2)]",0,137.31,5865,29,5.965
ORD051515,REST0057,CUST03368,COUR3477,-37.8249739,144.95891809999995,2020-05-16,22:05:16,0,1,Motorbike,"[('chocolate sandwiches', 2), ('potato twister', 3), ('chaat', 2), ('cheese sandwiches', 2)]",10,112.64399999999999,2347,5,2.23465
ORD006282,REST1634,CUST03904,COUR2739,-37.819880100000006,144.9438039,2020-07-01,17:36:15,0,0,Motorbike,"[('farm pizza', 1), ('potato wedges', 3), ('pasta', 2)]",0,68.1,3979,8,3.775
ORD196663,REST1136,CUST13301,COUR3901,-37.7998387,144.95782340000005,2020-08-24,20:58:01,0,0,Bike,"[('lunch buffet', 2), ('palak pakoda', 3), ('beer', 3), ('salads', 3)]",20,123.40799999999999,1298,6,2.8002
ORD345664,REST1634,CUST09153,COUR4529,-37.8163088,144.95575469999997,2020-08-18,04:25:03,0,0,Bike,"[('pasta', 3), ('supreme pizza', 1), ('thin crust pizza', 3)]",0,104.97,2872,14,6.2288999999999985
ORD349576,REST0337,CUST07777,COUR3105,-37.8141364,144.96572880000005,2020-02-10,19:11:12,1,0,Car,"[('bhetki paturi', 2), ('bengali pulao', 2)]",0,25.88,1884,5,4.3305
ORD234266,REST1634,CUST03475,COUR2062,-37.8145859,144.9934439,2020-06-06,10:01:19,0,1,Motorbike,"[('supreme pizza', 3), ('pasta', 1)]",0,33.97,1016,2,3.8593
ORD055189,REST0337,CUST11047,COUR0924,-37.8078094,144.9524805,2020-07-04,09:45:29,0,1,Car,"[('chicken curry', 1), ('alur dom', 3)]",40,26.436,1284,3,4.3591
ORD322033,REST1136,CUST01758,COUR1968,-37.8125347,144.97278490000005,2020-07-03,02:22:25,0,0,Bike,"[('mango lassi', 2), ('matka kulfi', 1), ('thandai', 2), ('palak pakoda', 1)]",0,89.61,2486,12,3.8953
ORD029166,REST1136,CUST07049,COUR4144,-37.8019303,144.9572928,2020-11-06,15:49:27,0,0,Motorbike,"[('thandai', 2), ('palak pakoda', 3)]",40,57.378,1091,2,2.8404
ORD208221,REST0337,CUST07033,COUR3356,-37.8039924,144.9584611,2020-10-23,12:43:30,1,0,Motorbike,"[('bengali pulao', 1), ('bhetki paturi', 2)]",0,19.34,2019,4,4.6442
ORD190217,REST0732,CUST00339,COUR1235,-37.8210362,144.983106,2020-02-26,19:42:51,1,0,Car,"[('pasta', 2), ('salads', 3), ('paneer burger', 2), ('coffee', 3)]",0,78.52,4508,11,5.6963
ORD202347,REST1136,CUST05179,COUR1307,-37.8250986,144.95690290000005,2020-08-03,22:32:58,0,0,Bike,"[('lunch buffet', 2), ('palak pakoda', 1), ('beer', 1), ('salads', 3)]",40,50.088,2096,10,3.8041
ORD173618,REST1634,CUST03319,COUR0474,-37.8016709,144.9499456,2020-10-16,01:11:12,0,0,Motorbike,"[('pasta', 1), ('supreme pizza', 3), ('ice tea', 1), ('thin crust pizza', 1)]",0,76.6,4019,8,3.6774
ORD320952,REST1136,CUST13279,COUR3819,-37.8189958,144.9768879,2020-07-13,20:46:09,0,0,Motorbike,"[('salads', 2), ('thandai', 2), ('mango lassi', 3)]",0,75.22,3218,6,2.8464
ORD262074,REST1634,CUST00809,COUR2712,-37.8177144,144.9549266,2020-11-20,02:10:32,0,0,Bike,"[('supreme pizza', 1), ('thin crust pizza', 2), ('ice tea', 2), ('potato wedges', 2)]",45,65.615,2912,15,6.997350000000001
ORD286458,REST0732,CUST00198,COUR0701,-37.8031755,144.9694427,2020-10-07,04:56:42,0,0,Bike,"[('coffee', 3), ('waffles', 3)]",0,92.55,4231,21,4.9287
ORD316296,REST0057,CUST04016,COUR3909,-37.8068898,144.9512177,2020-12-04,18:23:44,1,0,Car,"[('chilli cheese', 1), ('chocolate sandwich', 3), ('lassi', 3)]",10,88.85700000000001,1699,4,4.5663
ORD004949,REST1136,CUST02649,COUR0100,-37.80947329999999,144.95604550000004,2020-05-20,11:04:36,0,0,Bike,"[('matka kulfi', 1), ('mango lassi', 2), ('salads', 2)]",10,34.542,571,3,2.9584
ORD285863,REST1634,CUST02745,COUR0627,-37.808394,144.9486959,2020-10-31,02:38:14,0,1,Motorbike,"[('farm pizza', 2), ('potato wedges', 1)]",0,28.32,3955,8,2.3796
ORD348108,REST0337,CUST05765,COUR1847,-37.8079706,144.9406458,2020-01-25,18:39:33,1,1,Bike,"[('fish curry', 1), ('aloo posto', 2), ('bengali pulao', 3), ('chicken dak bunglow', 3)]",0,99.61,1841,9,6.4333
ORD088416,REST0057,CUST02651,COUR1002,-37.8085408,144.9578834,2020-04-21,13:23:04,1,0,Bike,"[('corn sandwich', 2), ('chocolate sandwich', 1), ('chaat', 3)]",40,60.906000000000006,966,5,4.8168
ORD335770,REST1634,CUST02971,COUR1042,-37.79984320000001,144.9470114,2020-06-23,23:56:02,0,0,Car,"[('farm pizza', 3), ('supreme pizza', 2), ('pasta', 3)]",45,38.561,4313,10,1.9517
ORD111532,REST0732,CUST02564,COUR3192,-37.8210947,144.9268047,2020-01-24,14:30:19,0,0,Car,"[('sandwiches', 1), ('burgers', 3), ('pasta', 3), ('paneer burger', 3)]",0,110.86,9189,22,5.0711
ORD329338,REST0732,CUST04105,COUR1273,-37.8186812,144.98383159999997,2020-07-08,02:30:19,0,0,Bike,"[('waffles', 1), ('burgers', 1), ('sandwiches', 1)]",0,60.69,4232,21,5.0755
ORD068825,REST0732,CUST07617,COUR1771,-37.81361370000001,144.9377835,2020-01-12,23:08:34,0,1,Motorbike,"[('burgers', 2), ('salads', 2), ('coffee', 2), ('pasta', 3)]",0,86.75,7915,16,5.273
ORD183782,REST1136,CUST13709,COUR3132,-37.81567379999999,144.9663184,2020-02-07,16:36:55,0,0,Bike,"[('palak pakoda', 2), ('matka kulfi', 3), ('beer', 1), ('thandai', 1)]",45,66.902,1969,10,3.6896
ORD252582,REST1634,CUST07932,COUR3976,-37.8136622,144.9742548,2020-05-14,04:32:58,0,0,Car,"[('ice tea', 3), ('supreme pizza', 1), ('potato wedges', 3), ('farm pizza', 1)]",0,117.19,1023,2,3.0187
ORD179869,REST0337,CUST09579,COUR2641,-37.8237365,144.9562542,2020-09-10,23:00:39,0,0,Bike,"[('alur dom', 2), ('fish curry', 2), ('chicken curry', 3), ('chicken dak bunglow', 3)]",0,148.19,1419,7,3.5194
ORD092046,REST0337,CUST00237,COUR2385,-37.8245951,144.9483863,2020-02-25,09:57:21,0,0,Car,"[('fish curry', 2), ('fish cutlet', 3), ('alur dom', 3)]",0,105.02,1228,3,3.0005
ORD002317,REST1634,CUST08131,COUR0355,-37.8166314,145.00736940000004,2020-09-05,07:54:43,0,1,Bike,"[('potato wedges', 2), ('supreme pizza', 3), ('pasta', 3), ('ice tea', 1)]",45,56.188,2237,11,5.2957
ORD124806,REST0057,CUST10585,COUR1020,-37.8067534,144.93257250000005,2020-12-19,01:58:40,0,1,Car,"[('corn sandwich', 2), ('lassi', 1), ('chocolate sandwiches', 3)]",0,124.44,3483,8,4.6469
ORD169989,REST0337,CUST06768,COUR4942,-37.8047159,144.9723857,2020-11-23,00:59:20,0,0,Car,"[('fish cutlet', 3), ('bhetki paturi', 2), ('bengali pulao', 1), ('fish curry', 1)]",0,82.56,2913,7,3.6073
ORD311437,REST0057,CUST02666,COUR3715,-37.807011,144.9666602,2020-06-27,21:33:37,0,1,Car,"[('chilli cheese', 3), ('lassi', 3)]",0,61.44,588,1,3.8338
ORD262676,REST1634,CUST11080,COUR3069,-37.8070396,144.94985119999996,2020-10-11,18:47:28,1,1,Car,"[('supreme pizza', 1), ('potato wedges', 3)]",0,47.16,3836,9,6.2699
ORD338787,REST1634,CUST05863,COUR2076,-37.8065874,144.9414819,2020-08-18,08:22:25,0,0,Bike,"[('farm pizza', 3), ('supreme pizza', 2), ('potato wedges', 2)]",0,64.64,4703,24,8.318249999999999
ORD316710,REST1136,CUST05542,COUR3435,-37.819508,144.958246,2020-08-10,22:56:42,0,0,Motorbike,"[('salads', 2), ('thandai', 3), ('matka kulfi', 3), ('palak pakoda', 3)]",45,97.64200000000001,1493,3,2.7186
ORD241555,REST0732,CUST08024,COUR3972,-37.8178928,145.008265,2020-11-20,16:17:08,0,0,Bike,"[('sandwiches', 2), ('pasta', 1)]",0,49.71,2407,12,4.1527
ORD119429,REST1136,CUST08729,COUR0810,-37.7996794,144.95494330000002,2020-06-13,14:46:09,0,1,Car,"[('thandai', 1), ('beer', 3), ('lunch buffet', 1)]",40,57.588,1068,3,4.0391
ORD138060,REST0732,CUST13882,COUR4075,-37.8180802,144.9703929,2020-09-16,23:28:21,0,0,Car,"[('pasta', 1), ('sandwiches', 3), ('coffee', 3)]",0,95.5,5157,12,4.1583
ORD222697,REST0337,CUST12819,COUR4063,-37.8207891,144.9621034,2020-01-10,12:23:44,1,0,Motorbike,"[('bhetki paturi', 2), ('fish cutlet', 2)]",0,45.44,2078,4,4.9205
ORD025074,REST1136,CUST05841,COUR4247,-37.8133613,144.9750289,2020-04-29,11:16:29,0,0,Bike,"[('salads', 2), ('thandai', 3), ('mango lassi', 1), ('palak pakoda', 1)]",45,57.173,2743,14,3.9739999999999998
ORD276972,REST0057,CUST06406,COUR4892,-37.8023453,145.00481609999997,2020-05-31,20:14:30,0,1,Bike,"[('chaat', 3), ('corn sandwich', 2)]",0,85.12,4256,21,5.9254
ORD059473,REST1634,CUST10088,COUR4741,-37.80741,145.01053530000004,2020-06-28,23:08:34,0,1,Car,"[('ice tea', 2), ('farm pizza', 2), ('thin crust pizza', 1), ('potato wedges', 2)]",45,57.684,3274,8,5.1888
ORD022910,REST1634,CUST10578,COUR4098,-37.8062681,144.93265300000004,2020-02-27,07:38:54,0,0,Car,"[('thin crust pizza', 2), ('farm pizza', 1), ('ice tea', 2)]",0,92.86,5443,13,2.26625
ORD007727,REST0732,CUST05147,COUR3511,-37.8243289,144.9543441,2020-10-13,22:17:08,0,0,Bike,"[('paneer burger', 1), ('waffles', 3), ('pasta', 2), ('burgers', 1)]",45,57.558,6847,34,6.718999999999999
ORD137429,REST1136,CUST10166,COUR2059,-37.82344060000001,144.9783548,2020-09-17,04:09:13,0,0,Car,"[('lunch buffet', 1), ('mango lassi', 3), ('salads', 1), ('beer', 1)]",10,50.985,3482,8,3.3441
ORD256426,REST1634,CUST08496,COUR2696,-37.8163425,144.9373093,2020-06-04,12:07:54,1,0,Motorbike,"[('farm pizza', 3), ('thin crust pizza', 1), ('potato wedges', 1), ('pasta', 3)]",0,89.45,4867,10,5.6274
ORD316231,REST0337,CUST12633,COUR2487,-37.8036069,144.9490314,2020-02-21,13:46:48,1,0,Bike,"[('bhetki paturi', 3), ('fish cutlet', 3), ('alur dom', 3), ('chicken dak bunglow', 2)]",45,71.61,1685,8,5.215
ORD239008,REST0337,CUST10891,COUR3881,-37.8072851,144.9683263,2020-07-18,07:38:54,0,1,Bike,"[('chicken dak bunglow', 3), ('bengali pulao', 1), ('bhetki paturi', 3)]",20,61.992,2278,11,4.5612
ORD318329,REST0732,CUST13218,COUR2265,-37.8204562,144.97687380000005,2020-10-11,00:51:25,0,1,Bike,"[('pasta', 3), ('burgers', 2), ('salads', 3)]",0,79.76,5087,25,6.585
ORD095173,REST1136,CUST10527,COUR0281,-37.8234159,144.9879671,2020-06-18,03:29:40,0,0,Bike,"[('matka kulfi', 1), ('mango lassi', 2)]",0,26.48,4207,21,4.7557
ORD250522,REST0337,CUST01627,COUR1825,-37.7985085,144.9800857,2020-03-30,11:48:07,0,0,Bike,"[('dhokar dalna', 1), ('fish curry', 3), ('chicken curry', 3)]",40,69.696,4019,20,4.6719
ORD285837,REST0337,CUST09829,COUR0671,-37.8173234,144.9674074,2020-01-05,20:18:27,0,1,Bike,"[('dhokar dalna', 3), ('alur dom', 1), ('chicken dak bunglow', 1), ('fish curry', 2)]",10,113.76899999999999,2153,11,4.9879
ORD278608,REST0732,CUST08511,COUR3310,-37.8165806,144.93744660000004,2020-07-05,13:58:40,1,1,Motorbike,"[('salads', 2), ('paneer burger', 1), ('burgers', 1)]",0,41.51,7730,15,6.9075
ORD082165,REST1136,CUST03960,COUR4251,-37.7983664,145.0014642,2020-10-11,23:04:36,0,1,Bike,"[('palak pakoda', 2), ('beer', 2)]",20,56.623999999999995,5979,30,6.6479
ORD209526,REST0337,CUST01224,COUR1442,-37.8035321,144.99440330000004,2020-05-31,14:46:09,0,1,Motorbike,"[('bhetki paturi', 2), ('fish curry', 2)]",45,22.726,4914,10,4.9752
ORD318469,REST1136,CUST00822,COUR3399,-37.81648300000001,144.9591881,2020-09-06,02:34:17,0,1,Motorbike,"[('matka kulfi', 1), ('lunch buffet', 3)]",0,60.88,1253,3,3.6018
ORD068602,REST1634,CUST08606,COUR4135,-37.8283624,144.98713590000003,2020-01-01,12:07:54,1,0,Car,"[('farm pizza', 1), ('potato wedges', 1)]",20,16.576,2102,5,5.3020000000000005
ORD008459,REST1136,CUST10803,COUR3413,-37.8086596,144.956616,2020-01-18,03:29:40,0,1,Car,"[('beer', 3), ('matka kulfi', 1)]",0,72.94,559,1,3.9487
ORD078103,REST0337,CUST00762,COUR1852,-37.8173094,144.96132340000003,2020-10-09,01:11:12,0,0,Motorbike,"[('dhokar dalna', 3), ('chicken dak bunglow', 2), ('aloo posto', 2)]",0,119.94,1707,3,3.0742
ORD258093,REST1136,CUST10507,COUR0940,-37.7999316,145.0025207,2020-10-26,01:03:17,0,0,Bike,"[('thandai', 2), ('beer', 2), ('matka kulfi', 1)]",20,80.544,5571,28,5.4356
ORD058577,REST1634,CUST03618,COUR3297,-37.8204264,144.96920740000004,2020-12-21,10:56:42,0,0,Motorbike,"[('thin crust pizza', 2), ('supreme pizza', 2), ('ice tea', 2), ('potato wedges', 2)]",40,76.26,1872,4,3.4298
ORD012797,REST0057,CUST09701,COUR4787,-37.8079098,145.0087219,2020-10-09,11:20:26,0,0,Motorbike,"[('panipuri', 3), ('potato twister', 2), ('chilli cheese', 1)]",40,45.516000000000005,4327,9,3.9387
ORD242069,REST0057,CUST05890,COUR2073,-37.8001129,144.95536040000005,2020-05-06,14:50:06,0,0,Motorbike,"[('chilli cheese', 3), ('chocolate sandwich', 2), ('lassi', 3)]",10,84.79799999999999,1650,3,3.3387
ORD303576,REST1634,CUST01353,COUR3539,-37.8221442,144.9748752,2020-08-24,01:03:17,0,0,Bike,"[('ice tea', 1), ('thin crust pizza', 2), ('farm pizza', 1), ('supreme pizza', 3)]",0,95.45,1514,8,3.8156
ORD021500,REST0732,CUST06304,COUR3628,-37.8065317,144.9571102,2020-07-02,07:58:40,0,0,Motorbike,"[('coffee', 1), ('pasta', 1), ('sandwiches', 1)]",0,36.2,5676,11,4.3186
ORD281195,REST0732,CUST10332,COUR4719,-37.8200911,145.0024237,2020-06-01,02:10:32,0,0,Motorbike,"[('burgers', 3), ('waffles', 1), ('paneer burger', 2), ('coffee', 2)]",0,101.67,3142,6,3.6651
ORD218465,REST0337,CUST09497,COUR4484,-37.8060353,144.9800565,2020-09-07,17:16:29,0,0,Bike,"[('alur dom', 1), ('aloo posto', 2), ('bhetki paturi', 3)]",0,42.36,3298,16,4.2916
ORD334590,REST0057,CUST13357,COUR3659,-37.8176003,145.01076830000005,2020-06-28,23:00:39,0,1,Motorbike,"[('panipuri', 1), ('lassi', 1), ('chilli cheese', 3), ('chocolate sandwiches', 2)]",20,72.352,4531,9,4.3888
ORD231611,REST0057,CUST02306,COUR4502,-37.8155657,144.97628730000002,2020-09-13,11:08:34,0,1,Motorbike,"[('chaat', 1), ('panipuri', 2)]",0,44.18,1713,3,4.3081
ORD101334,REST0337,CUST08297,COUR1144,-37.821115,144.9548862,2020-09-27,03:57:21,0,1,Car,"[('alur dom', 1), ('chicken dak bunglow', 1)]",0,26.43,1087,3,3.9064
ORD329426,REST0337,CUST03191,COUR4293,-37.8090399,144.9291498,2020-10-01,00:07:54,0,0,Car,"[('alur dom', 1), ('fish cutlet', 1), ('chicken curry', 1)]",0,42.02,1896,5,3.1619
ORD040563,REST0057,CUST01230,COUR4108,-37.80068970000001,144.98397649999995,2020-03-12,03:57:21,0,0,Motorbike,"[('chaat', 2), ('corn sandwich', 2), ('chocolate sandwiches', 3), ('panipuri', 1)]",20,121.16799999999999,2433,5,3.3582
ORD221014,REST1136,CUST11994,COUR0582,-37.8160136,144.9919545,2020-11-18,23:28:21,0,0,Bike,"[('salads', 2), ('palak pakoda', 1), ('lunch buffet', 2)]",0,58.39,4326,22,5.1589
ORD139131,REST0057,CUST00061,COUR2705,-37.8031905,144.9695871,2020-01-17,09:13:50,0,0,Motorbike,"[('panipuri', 3), ('cheese sandwiches', 2), ('corn sandwich', 3)]",10,124.29899999999999,1091,2,3.3422
ORD347028,REST0732,CUST08118,COUR1021,-37.817826,144.99232769999998,2020-05-24,02:06:35,0,1,Motorbike,"[('burgers', 3), ('coffee', 2), ('paneer burger', 2)]",0,78.89,3429,7,4.7696
ORD136576,REST0057,CUST04141,COUR2939,-37.818821,144.98187219999997,2020-06-24,09:53:24,0,0,Motorbike,"[('chilli cheese', 3), ('chaat', 3), ('chocolate sandwich', 3)]",10,95.337,2076,4,3.3336
ORD274330,REST0732,CUST04924,COUR1266,-37.81518320000001,144.9713804,2020-12-15,05:16:29,0,0,Bike,"[('paneer burger', 3), ('waffles', 1), ('pasta', 1), ('burgers', 3)]",0,98.96,4859,24,5.1979
ORD227223,REST0337,CUST00005,COUR0999,-37.8205597,144.9813601,2020-09-22,18:07:54,1,0,Motorbike,"[('bhetki paturi', 2), ('chicken curry', 3)]",45,34.298,3369,7,5.1625
ORD177370,REST0057,CUST04256,COUR4735,-37.8246285,144.9888834,2020-07-08,23:56:02,0,0,Bike,"[('lassi', 1), ('chocolate sandwiches', 1)]",45,19.679000000000002,2893,14,4.3999
ORD093125,REST0057,CUST09904,COUR0369,-37.8082703,144.9535925,2020-11-16,00:47:28,0,0,Bike,"[('chaat', 1), ('potato twister', 2), ('chocolate sandwich', 2)]",0,68.88,4268,21,5.0249
ORD126231,REST1136,CUST12322,COUR3449,-37.8166259,144.9586935,2020-05-24,02:02:38,0,1,Bike,"[('thandai', 3), ('mango lassi', 2), ('salads', 2)]",0,93.18,1233,6,4.3701
ORD109200,REST1136,CUST13787,COUR4729,-37.8107537,144.9670868,2020-12-25,12:07:54,1,0,Bike,"[('mango lassi', 3), ('palak pakoda', 2)]",40,29.364,1730,9,5.197
ORD132906,REST0337,CUST02938,COUR2761,-37.80126729999999,144.9748159,2020-09-20,04:52:44,0,1,Car,"[('fish cutlet', 3), ('dhokar dalna', 2)]",0,96.6,3289,8,4.6035
ORD081848,REST1136,CUST05505,COUR0772,-37.8150923,144.9615645,2020-01-03,23:12:31,0,0,Motorbike,"[('mango lassi', 1), ('lunch buffet', 2)]",20,28.576,1447,3,2.7774
ORD190755,REST0732,CUST06936,COUR2211,-37.8058725,144.9557611,2020-07-21,00:27:41,0,0,Car,"[('burgers', 1), ('sandwiches', 3), ('waffles', 3), ('paneer burger', 1)]",0,156.29,5757,14,4.3593
ORD236325,REST0337,CUST01743,COUR3964,-37.8154496,144.9415962,2020-12-13,11:32:18,0,1,Bike,"[('chicken dak bunglow', 2), ('chicken curry', 2), ('fish finger', 3), ('bhetki paturi', 3)]",10,123.831,747,4,4.1367
ORD014535,REST1136,CUST07731,COUR3198,-37.8020939,144.9571814,2020-11-16,00:19:46,0,0,Bike,"[('lunch buffet', 3), ('matka kulfi', 1)]",0,60.88,1102,6,3.3269
ORD244243,REST0057,CUST02933,COUR0665,-37.8011213,144.9762382,2020-01-24,03:41:32,0,0,Motorbike,"[('potato twister', 2), ('cheese sandwiches', 3)]",40,33.708,1787,4,2.8351
ORD237454,REST0057,CUST05521,COUR4907,-37.80079370000001,144.9798237,2020-05-22,10:44:50,0,0,Motorbike,"[('chaat', 2), ('chocolate sandwiches', 3), ('cheese sandwiches', 1)]",0,100.7,2049,4,3.4684
ORD240734,REST1136,CUST09582,COUR2264,-37.8235157,144.956267,2020-01-17,13:58:40,1,0,Motorbike,"[('mango lassi', 3), ('beer', 1), ('palak pakoda', 3)]",40,50.598,1944,4,4.7235
ORD212675,REST0337,CUST02876,COUR0469,-37.8180788,144.9811044,2020-07-04,02:54:03,0,1,Car,"[('dhokar dalna', 1), ('fish curry', 1), ('fish cutlet', 2)]",0,70.72,3443,8,4.5959
ORD167853,REST1634,CUST08211,COUR3348,-37.8188428,145.0017772,2020-08-26,05:44:10,0,0,Car,"[('farm pizza', 1), ('pasta', 1), ('potato wedges', 3)]",0,57.53,1559,4,3.5014
ORD002829,REST1634,CUST10008,COUR3339,-37.8041839,145.0028001,2020-02-21,20:14:30,0,0,Motorbike,"[('thin crust pizza', 1), ('potato wedges', 2), ('ice tea', 1), ('farm pizza', 3)]",40,55.001999999999995,2736,5,3.7843
ORD194745,REST1136,CUST10714,COUR3016,-37.8140733,144.9883275,2020-01-28,23:40:13,0,0,Motorbike,"[('palak pakoda', 2), ('matka kulfi', 2), ('lunch buffet', 2), ('salads', 3)]",20,89.304,3898,8,3.1696
ORD245813,REST0732,CUST01786,COUR2491,-37.7989032,144.9626467,2020-11-23,10:05:16,0,0,Bike,"[('pasta', 3), ('salads', 2)]",0,37.95,4851,24,5.1968
ORD221879,REST1634,CUST11945,COUR3803,-37.7907967,144.985865,2020-11-21,23:28:21,0,1,Bike,"[('ice tea', 3), ('potato wedges', 3), ('pasta', 2)]",45,67.612,3130,16,5.3576
ORD299098,REST0057,CUST01654,COUR1374,-37.8185269,145.01428059999995,2020-07-12,23:12:31,0,1,Car,"[('chaat', 3), ('cheese sandwich', 3), ('chilli cheese', 1)]",0,63.63,4897,12,4.7011
ORD178514,REST0337,CUST06329,COUR0471,-37.8061524,144.9572378,2020-09-27,10:36:55,0,1,Car,"[('bhetki paturi', 3), ('chicken curry', 3)]",0,68.76,1784,4,4.3651
ORD149722,REST1136,CUST05622,COUR1393,-37.812917,144.9392148,2020-06-07,01:23:04,0,1,Car,"[('mango lassi', 1), ('thandai', 1)]",20,23.136,1361,3,1.96
ORD097995,REST1634,CUST09837,COUR4532,-37.8004996,144.9603771,2020-01-03,21:45:29,0,0,Car,"[('farm pizza', 1), ('ice tea', 3), ('thin crust pizza', 2), ('supreme pizza', 3)]",0,137.07,3352,8,3.6095
ORD216970,REST1136,CUST08689,COUR0663,-37.8051471,144.9600534,2020-11-14,05:00:39,0,1,Bike,"[('mango lassi', 2), ('beer', 1), ('palak pakoda', 1), ('salads', 3)]",45,35.31,1059,5,6.1584
ORD016310,REST0057,CUST11500,COUR2635,-37.8202153,144.9602068,2020-10-02,23:44:10,0,0,Motorbike,"[('panipuri', 1), ('cheese sandwich', 1)]",40,13.11,1586,3,3.2538
ORD076767,REST0057,CUST12161,COUR4614,-37.8054976,144.949578,2020-11-29,22:52:44,0,1,Motorbike,"[('chaat', 3), ('chilli cheese', 1)]",0,44.88,1765,4,4.7059
ORD097079,REST0337,CUST01662,COUR2024,-37.8154019,145.012625,2020-06-08,01:15:09,0,0,Motorbike,"[('alur dom', 2), ('bhetki paturi', 2)]",45,17.137999999999998,6544,13,6.22635
ORD310923,REST0337,CUST09713,COUR2430,-37.8051437,144.98796919999995,2020-01-29,17:00:39,0,0,Motorbike,"[('fish cutlet', 3), ('chicken curry', 3), ('bhetki paturi', 1)]",20,83.936,4263,9,1.78515
ORD293125,REST0732,CUST05913,COUR0614,-37.8208303,144.96664769999995,2020-02-04,10:13:11,0,0,Car,"[('paneer burger', 2), ('waffles', 2), ('sandwiches', 2)]",0,102.48,5770,14,4.1513
ORD066634,REST0057,CUST05202,COUR3108,-37.8229191,144.9553496,2020-06-12,10:17:08,0,0,Motorbike,"[('lassi', 2), ('potato twister', 1), ('chocolate sandwich', 2), ('chaat', 2)]",0,99.38,2126,4,3.3946
ORD187933,REST0057,CUST02454,COUR1424,-37.8005666,145.004459,2020-08-30,17:16:29,0,1,Bike,"[('potato twister', 2), ('lassi', 1), ('chocolate sandwiches', 1)]",20,47.12,4389,22,6.0229
ORD220709,REST0732,CUST06735,COUR0393,-37.8081355,144.9731431,2020-06-21,01:15:09,0,1,Bike,"[('sandwiches', 1), ('burgers', 3)]",0,70.57,4223,21,2.9189999999999996
ORD098915,REST0732,CUST05647,COUR1021,-37.8123899,144.93693290000004,2020-03-28,00:39:33,0,1,Motorbike,"[('coffee', 3), ('salads', 1), ('sandwiches', 2)]",20,61.216,7900,16,5.4517
ORD276207,REST0337,CUST00119,COUR0052,-37.8037706,144.9564762,2020-11-11,03:05:56,0,0,Car,"[('fish cutlet', 2), ('alur dom', 3), ('chicken curry', 3)]",0,109.74,1843,4,3.1809
ORD015411,REST0337,CUST01136,COUR0645,-37.8041467,145.0078254,2020-06-11,12:47:28,1,0,Car,"[('chicken curry', 2), ('fish curry', 2), ('fish cutlet', 2)]",0,94.2,6085,15,5.9086
ORD322977,REST0732,CUST08614,COUR1112,-37.8100727,144.9762159,2020-10-01,20:58:01,0,0,Car,"[('salads', 2), ('paneer burger', 2), ('waffles', 2), ('coffee', 3)]",0,101.83,4399,11,3.7236
ORD260453,REST0732,CUST03069,COUR0120,-37.8005779,144.9714374,2020-02-21,08:50:06,0,0,Car,"[('pasta', 1), ('burgers', 1)]",0,22.88,3980,10,3.6154
ORD193303,REST1136,CUST09887,COUR4841,-37.8064151,144.98346930000002,2020-05-10,01:30:59,0,1,Bike,"[('salads', 2), ('lunch buffet', 2)]",0,42.14,3110,16,5.1421
ORD145973,REST0337,CUST10301,COUR2350,-37.8069292,144.97494550000005,2020-12-20,00:19:46,0,1,Car,"[('bhetki paturi', 2), ('bengali pulao', 3), ('alur dom', 2), ('aloo posto', 3)]",0,71.75,2824,7,4.5407
ORD106023,REST0057,CUST04118,COUR0401,-37.8207322,144.9848817,2020-02-24,18:11:52,1,0,Car,"[('chocolate sandwich', 1), ('chocolate sandwiches', 1), ('cheese sandwich', 3), ('panipuri', 3)]",20,82.544,2525,6,5.0111
ORD010035,REST1136,CUST03454,COUR0680,-37.8209636,144.9763313,2020-09-18,11:32:18,0,0,Car,"[('salads', 2), ('beer', 1)]",45,17.072,3338,8,3.3053
ORD330106,REST0732,CUST07443,COUR4504,-37.8011862,144.9631305,2020-06-10,04:44:50,0,0,Bike,"[('waffles', 3), ('paneer burger', 1), ('pasta', 2), ('salads', 2)]",40,63.972,4898,24,5.6085
ORD064925,REST1634,CUST00503,COUR2880,-37.798917,144.9356823,2020-06-03,07:34:56,0,0,Motorbike,"[('potato wedges', 3), ('thin crust pizza', 3), ('pasta', 1), ('supreme pizza', 3)]",10,124.911,5321,11,4.1718
ORD117921,REST0732,CUST03875,COUR0594,-37.8223305,144.94699519999998,2020-10-17,06:07:54,0,1,Bike,"[('pasta', 1), ('burgers', 1), ('coffee', 3)]",0,47.09,7160,36,7.6043
ORD308226,REST1634,CUST01379,COUR3478,-37.8123458,144.96578780000004,2020-10-10,01:19:07,0,1,Car,"[('pasta', 1), ('farm pizza', 2), ('ice tea', 2), ('potato wedges', 2)]",40,56.178000000000004,2017,5,6.8871
ORD183797,REST0057,CUST03127,COUR4939,-37.8122489,144.98865680000003,2020-12-11,14:14:30,0,0,Car,"[('potato twister', 3), ('lassi', 2), ('chocolate sandwich', 1), ('panipuri', 1)]",0,95.75,2249,5,3.3723
ORD265967,REST0057,CUST03548,COUR0732,-37.8231494,145.00247240000004,2020-08-13,07:11:12,0,0,Car,"[('chocolate sandwiches', 3), ('cheese sandwiches', 1), ('corn sandwich', 2), ('chocolate sandwich', 3)]",45,93.55,4223,10,4.1929
ORD328565,REST0337,CUST04191,COUR3555,-37.8260999,144.9847408,2020-02-08,19:38:54,1,1,Motorbike,"[('chicken curry', 2), ('bhetki paturi', 1)]",0,39.44,4041,8,6.2568
ORD236781,REST0057,CUST09292,COUR1214,-37.8156236,144.9581195,2020-12-06,02:06:35,0,1,Motorbike,"[('chaat', 2), ('panipuri', 2), ('chocolate sandwich', 3), ('cheese sandwiches', 3)]",0,139.39,1106,2,1.99845
ORD009843,REST1634,CUST09288,COUR3160,-37.8183025,144.9607134,2020-08-27,19:38:54,1,0,Motorbike,"[('pasta', 2), ('farm pizza', 2), ('thin crust pizza', 1)]",10,52.343999999999994,2268,5,4.8111
ORD142555,REST0732,CUST04823,COUR4371,-37.8045689,144.9312528,2020-09-28,06:19:46,0,0,Motorbike,"[('waffles', 2), ('salads', 2), ('pasta', 3)]",10,75.15899999999999,8397,17,4.8088
ORD012466,REST0337,CUST12714,COUR2502,-37.8124393,144.9734909,2020-05-03,21:41:32,0,1,Motorbike,"[('alur dom', 2), ('aloo posto', 3)]",0,39.33,2636,5,4.3333
ORD140545,REST0732,CUST12325,COUR2121,-37.81766810000001,144.9591349,2020-02-26,22:40:52,0,0,Bike,"[('paneer burger', 1), ('coffee', 2), ('pasta', 3), ('waffles', 2)]",0,88.23,6045,30,5.9929
ORD046222,REST1136,CUST08426,COUR3948,-37.8045206,144.96324040000005,2020-12-05,00:55:23,0,1,Car,"[('mango lassi', 2), ('salads', 1)]",20,13.527999999999999,1431,3,3.8817
ORD223224,REST1634,CUST06539,COUR4160,-37.8242032,144.9841512,2020-08-21,19:27:01,1,0,Bike,"[('farm pizza', 1), ('ice tea', 3), ('potato wedges', 3), ('pasta', 1)]",20,95.96799999999999,1204,6,5.071000000000001
ORD295760,REST0732,CUST08107,COUR1818,-37.81732570000001,145.0080576,2020-06-05,09:41:32,0,0,Bike,"[('coffee', 2), ('sandwiches', 3)]",0,80.88,2379,12,4.3623
ORD282882,REST0057,CUST05530,COUR2959,-37.8183799,144.96134540000003,2020-02-14,19:11:12,1,0,Car,"[('cheese sandwich', 3), ('chilli cheese', 2)]",0,30.63,1459,4,4.3841
ORD224292,REST0057,CUST12277,COUR4502,-37.8209342,144.9613737,2020-05-11,22:29:00,0,0,Motorbike,"[('chilli cheese', 2), ('potato twister', 3), ('cheese sandwiches', 1)]",0,57.58,1585,3,3.4584
ORD252628,REST0057,CUST09552,COUR1488,-37.8256626,144.99794319999995,2020-11-21,12:31:38,1,1,Motorbike,"[('chocolate sandwiches', 2), ('potato twister', 2), ('cheese sandwiches', 3)]",10,88.794,3695,7,6.0298
ORD025581,REST0057,CUST06378,COUR2861,-37.8175377,144.94973169999997,2020-07-21,07:19:07,0,0,Car,"[('chaat', 1), ('corn sandwich', 3), ('lassi', 3), ('chocolate sandwich', 3)]",20,140.032,1875,4,3.1262
ORD288626,REST0337,CUST02124,COUR4125,-37.8011916,144.9520317,2020-03-24,07:46:48,0,0,Bike,"[('dhokar dalna', 2), ('fish finger', 1)]",10,58.131,2016,10,3.5105
ORD121288,REST1136,CUST09026,COUR4313,-37.80259229999999,144.9800625,2020-08-13,16:52:44,0,0,Car,"[('matka kulfi', 2), ('lunch buffet', 3), ('thandai', 1), ('beer', 3)]",40,94.35600000000001,3130,8,3.3112
ORD185365,REST1136,CUST04535,COUR3701,-37.8162159,144.950775,2020-11-24,05:00:39,0,0,Motorbike,"[('salads', 1), ('mango lassi', 1)]",0,11.43,1872,4,3.0184
ORD182988,REST0057,CUST07300,COUR3667,-37.8195534,144.95264430000003,2020-02-29,05:28:21,0,1,Motorbike,"[('lassi', 3), ('corn sandwich', 1)]",0,66.71,1897,4,4.2586
ORD172510,REST0732,CUST10881,COUR1472,-37.8084167,144.9520604,2020-01-10,18:31:38,1,0,Car,"[('coffee', 3), ('sandwiches', 3), ('paneer burger', 3), ('pasta', 2)]",45,67.48,6314,15,5.4338
ORD345060,REST1634,CUST06475,COUR0431,-37.8223081,145.01542519999995,2020-06-25,11:24:23,0,0,Car,"[('ice tea', 1), ('farm pizza', 2), ('thin crust pizza', 1), ('pasta', 1)]",45,37.62,3017,7,3.7713
ORD249803,REST1634,CUST06353,COUR0280,-37.8070805,144.95971619999997,2020-07-12,15:37:34,0,1,Bike,"[('farm pizza', 3), ('pasta', 1)]",40,20.022000000000002,2817,14,5.4565
ORD001064,REST1136,CUST09593,COUR3208,-37.8220205,145.0141651,2020-09-16,02:58:01,0,0,Car,"[('matka kulfi', 2), ('salads', 3)]",20,39.111999999999995,6577,16,4.0827
ORD189517,REST1634,CUST12319,COUR1624,-37.8156977,144.9582655,2020-04-26,18:31:38,1,1,Car,"[('pasta', 1), ('ice tea', 3), ('supreme pizza', 2)]",0,88.6,2630,6,6.2981
ORD303493,REST0337,CUST10552,COUR0883,-37.824645,144.94455630000004,2020-01-08,07:42:51,0,0,Motorbike,"[('fish cutlet', 2), ('bhetki paturi', 1), ('aloo posto', 1)]",0,46.03,1540,3,2.721
ORD344997,REST0337,CUST12759,COUR3418,-37.8169526,144.9274736,2020-05-26,18:27:41,1,0,Car,"[('dhokar dalna', 1), ('alur dom', 3), ('fish cutlet', 2), ('chicken dak bunglow', 3)]",20,108.6,2584,6,4.7788
ORD316276,REST0337,CUST10447,COUR2644,-37.80974570000001,144.9913426,2020-09-21,11:08:34,0,0,Bike,"[('fish finger', 3), ('fish cutlet', 1)]",0,67.17,4202,21,4.6547
ORD305372,REST0057,CUST07002,COUR0461,-37.8059306,144.9552821,2020-04-02,13:27:01,1,0,Car,"[('chocolate sandwich', 1), ('chocolate sandwiches', 2)]",10,52.983000000000004,1233,3,4.7855
ORD162979,REST0732,CUST04963,COUR4093,-37.8121744,144.9739415,2020-07-29,18:35:36,1,0,Bike,"[('sandwiches', 1), ('pasta', 1), ('burgers', 1)]",0,44.46,4572,23,6.7737
ORD272338,REST0337,CUST11364,COUR3708,-37.8177544,144.9591013,2020-03-19,06:47:28,0,0,Car,"[('alur dom', 2), ('chicken curry', 1), ('fish finger', 2), ('fish curry', 2)]",0,97.3,1333,3,2.9911
ORD060828,REST0732,CUST04528,COUR3452,-37.8151819,144.94933600000005,2020-02-19,19:11:12,1,0,Car,"[('paneer burger', 2), ('pasta', 2), ('waffles', 2)]",0,72.42,7266,17,5.9719
ORD035766,REST0337,CUST12506,COUR2011,-37.818995,144.95308889999995,2020-01-25,06:43:30,0,1,Car,"[('chicken curry', 2), ('bengali pulao', 3), ('alur dom', 1)]",0,61.84,833,2,4.152
ORD227539,REST1634,CUST11349,COUR1744,-37.8121826,145.01638789999996,2020-03-13,15:25:42,0,0,Car,"[('farm pizza', 3), ('ice tea', 2)]",0,64.42,3989,10,3.8482
ORD177392,REST0057,CUST09523,COUR3139,-37.8097268,144.9900345,2020-10-05,05:20:26,0,0,Motorbike,"[('lassi', 3), ('cheese sandwich', 1), ('panipuri', 3), ('corn sandwich', 3)]",0,165.94,2367,5,4.9296
ORD173195,REST0057,CUST01730,COUR2342,-37.8245081,144.9466458,2020-01-21,14:06:35,0,0,Car,"[('panipuri', 2), ('chocolate sandwich', 2)]",0,63.98,2851,7,3.813
ORD326850,REST0057,CUST11705,COUR1015,-37.8099653,144.9953976,2020-08-13,20:18:27,0,0,Motorbike,"[('corn sandwich', 3), ('panipuri', 2), ('chocolate sandwiches', 1)]",40,73.02600000000001,2844,6,3.0752
